Id,Season,Week,SeasonType,StartDate,StartTimeTBD,Completed,NeutralSite,ConferenceGame,Attendance,VenueId,Venue,HomeId,HomeTeam,HomeClassification,HomeConference,HomePoints,1stQuarterPoints,2ndQuarterPoints,3rdQuarterPoints,4thQuarterPoints,HomePostgameWinProbability,HomePregameElo,HomePostgameElo,AwayId,AwayTeam,AwayClassification,AwayConference,AwayPoints,AwayLineScores[0],AwayLineScores[1],AwayLineScores[2],AwayLineScores[3],AwayPostgameWinProbability,AwayPregameElo,AwayPostgameElo,ExcitementIndex,Highlights,Notes,FirstDowns,3rdDownEfficiency,4thDownEfficiency,TotalYards,Passing,CompAtt,YardsPerPass,Rushing,RushingAtt,YardsPerRush,Penalties,Interceptions,Fumbles,Turnovers Total
401628454,2024,1,regular,2024-08-31T19:30:00.000Z,FALSE,TRUE,FALSE,FALSE,86072,3834,"Memorial Stadium (Lincoln, NE)",158,Nebraska,fbs,Big Ten,40,7,23,7,3,0.9829337715,1507,1571,2638,UTEP,fbs,Conference USA,7,7,0,0,0,0.01706622847,1296,1232,3.541056616,,,30,11-17,0-2,507,284,25/36,7.9,223,47,4.7,3-35,0,1,1
401628467,2024,2,regular,2024-09-07T23:30:00.000Z,FALSE,TRUE,FALSE,FALSE,86906,3834,"Memorial Stadium (Lincoln, NE)",158,Nebraska,fbs,Big Ten,28,14,14,0,0,0.9651964218,1571,1588,38,Colorado,fbs,Big 12,10,0,0,3,7,0.03480357819,1324,1307,3.268239936,,,22,3-12,0-0,334,185,23/30,6.2,149,35,4.3,12-105,0,0,0
401628482,2024,3,regular,2024-09-14T23:30:00.000Z,FALSE,TRUE,FALSE,FALSE,86546,3834,"Memorial Stadium (Lincoln, NE)",158,Nebraska,fbs,Big Ten,34,7,14,6,7,0.9981665662,1596,1596,2460,Northern Iowa,fcs,MVFC,3,3,0,0,0,0.00183343376,,,3.088543749,,,22,4-7,0-1,423,281,20/26,10.8,142,22,6.5,4-44,1,0,1
401628485,2024,4,regular,2024-09-21T00:00:00.000Z,FALSE,TRUE,FALSE,TRUE,87464,3834,"Memorial Stadium (Lincoln, NE)",158,Nebraska,fbs,Big Ten,24,10,7,0,7,0.3547871322,1588,1570,356,Illinois,fbs,Big Ten,31,7,3,7,7,0.6452128678,1533,1551,7.73823899,,,20,8-15,0-1,345,297,24/35,8.5,48,33,1.5,10-89,1,0,1
401628499,2024,5,regular,2024-09-28T16:00:00.000Z,FALSE,TRUE,FALSE,TRUE,61441,3907,Ross-Ade Stadium,2509,Purdue,fbs,Big Ten,10,0,0,3,7,0.007497810628,1343,1322,158,Nebraska,fbs,Big Ten,28,0,0,7,21,0.9925021894,1570,1591,4.34939179,,,25,1-8,1-1,418,257,17/27,9.5,161,32,5,11-94,0,0,0
401628508,2024,6,regular,2024-10-05T20:00:00.000Z,FALSE,TRUE,FALSE,TRUE,87453,3834,"Memorial Stadium (Lincoln, NE)",158,Nebraska,fbs,Big Ten,14,7,7,0,0,0.9937249744,1591,1597,164,Rutgers,fbs,Big Ten,7,0,0,0,7,0.006275025616,1527,1521,4.551453136,,,15,7-19,3-3,261,164,14/28,5.9,97,42,2.3,7-37,1,0,1
401628519,2024,8,regular,2024-10-19T16:00:00.000Z,FALSE,TRUE,FALSE,TRUE,53082,3830,"Memorial Stadium (Bloomington, IN)",84,Indiana,fbs,Big Ten,56,7,21,14,14,0.9988809781,1648,1791,158,Nebraska,fbs,Big Ten,7,0,7,0,0,0.001119021918,1597,1454,5.154908158,,,20,7-16,0-5,304,234,28/46,5.1,70,29,2.4,6-47,3,2,5
401628530,2024,9,regular,2024-10-26T16:00:00.000Z,FALSE,TRUE,FALSE,TRUE,102780,3861,Ohio Stadium,194,Ohio State,fbs,Big Ten,21,7,7,0,7,0.9923267213,2076,2063,158,Nebraska,fbs,Big Ten,17,0,6,3,8,0.007673278696,1454,1467,7.447834909,,,18,5-16,0-1,273,152,21/33,4.6,121,33,3.7,7-62,1,0,1
401628537,2024,10,regular,2024-11-02T19:30:00.000Z,FALSE,TRUE,FALSE,TRUE,87453,3834,"Memorial Stadium (Lincoln, NE)",158,Nebraska,fbs,Big Ten,20,0,7,7,6,0.007659684793,1467,1453,26,UCLA,fbs,Big Ten,27,3,10,14,0,0.9923403152,1456,1470,4.03361246,,,21,9-17,1-3,322,209,16-34,6.1,113,38,3,2-15,2,0,2
401628549,2024,12,regular,2024-11-16T21:00:00.000Z,FALSE,TRUE,FALSE,TRUE,75304,477,Los Angeles Memorial Coliseum,30,USC,fbs,Big Ten,28,7,7,7,7,0.9958261662,1767,1761,158,Nebraska,fbs,Big Ten,20,7,7,6,0,0.004173833781,1453,1459,7.848171368,,,19,5-13,1-1,310,191,27/38,5,119,25,4.8,5-40,2,0,2
401628560,2024,13,regular,2024-11-23T20:30:00.000Z,FALSE,TRUE,FALSE,TRUE,86923,3834,"Memorial Stadium (Lincoln, NE)",158,Nebraska,fbs,Big Ten,44,7,17,10,10,0.8939495445,1459,1524,275,Wisconsin,fbs,Big Ten,25,7,3,7,8,0.1060504555,1659,1594,4.201190015,,,29,4-9,0-1,473,293,28/38,7.7,180,36,5,4-48,0,1,1
401628562,2024,14,regular,2024-11-30T00:30:00.000Z,FALSE,TRUE,FALSE,TRUE,69250,3793,Kinnick Stadium,2294,Iowa,fbs,Big Ten,13,0,0,3,10,0.06082885825,1786,1784,158,Nebraska,fbs,Big Ten,10,3,7,0,0,0.9391711418,1524,1526,6.806184977,,,20,8-17,0-0,334,190,22/33,5.8,144,43,3.3,4-20,0,2,2
401677095,2024,17,postseason,2024-12-28T17:00:00.000Z,FALSE,TRUE,TRUE,FALSE,30062,4102,Yankee Stadium,158,Nebraska,fbs,Big Ten,20,0,13,7,0,0.9699308245,1526,1537,103,Boston College,fbs,ACC,15,0,2,0,13,0.03006917546,1524,1513,4.808096103,,Bad Boy Mowers Pinstripe Bowl,21,3-11,3-4,363,232,23/31,7.5,131,44,4,6-55,1,1,2
401520148,2023,1,regular,2023-09-01T00:00:00.000Z,FALSE,TRUE,FALSE,TRUE,53629,3953,Huntington Bank Stadium,135,Minnesota,fbs,Big Ten,13,0,3,0,10,0.04705619943,1672,1671,158,Nebraska,fbs,Big Ten,10,0,0,7,3,0.9529438006,1521,1522,7.656757772,,,18,5-11,0-0,295,114,11/19,6,181,37,4.9,7-55,3,1,4
401520188,2023,2,regular,2023-09-09T16:00:00.000Z,FALSE,TRUE,FALSE,FALSE,53241,3726,Folsom Field,38,Colorado,fbs,Pac-12,36,0,13,10,13,0.3460350011,1196,1288,158,Nebraska,fbs,Big Ten,14,0,0,7,7,0.6539649989,1522,1430,4.920250883,,,15,4-13,0-2,341,119,11/22,5.4,222,41,5.4,6-40,1,3,4
401520237,2023,3,regular,2023-09-16T23:00:00.000Z,FALSE,TRUE,FALSE,FALSE,86875,3834,"Memorial Stadium (Lincoln, NE)",158,Nebraska,fbs,Big Ten,35,7,7,7,14,0.9987284936,1430,1476,2459,Northern Illinois,fbs,Mid-American,11,3,0,0,8,0.001271506366,1309,1263,4.8508167,,,23,8-14,0-0,382,158,14/24,6.6,224,44,5.1,5-70,0,1,1
401520263,2023,4,regular,2023-09-23T19:30:00.000Z,FALSE,TRUE,FALSE,FALSE,87115,3834,"Memorial Stadium (Lincoln, NE)",158,Nebraska,fbs,Big Ten,28,0,7,7,14,0.7985096365,1476,1483,2348,Louisiana Tech,fbs,Conference USA,14,0,7,0,7,0.2014903635,1218,1211,5.332940908,,,20,3-11,2-2,419,107,8/18,5.9,312,48,6.5,6-55,0,0,0
401520286,2023,5,regular,2023-09-30T19:30:00.000Z,FALSE,TRUE,FALSE,TRUE,87134,3834,"Memorial Stadium (Lincoln, NE)",158,Nebraska,fbs,Big Ten,7,0,0,0,7,0.005564348683,1483,1432,130,Michigan,fbs,Big Ten,45,14,14,7,10,0.9944356513,1953,2004,1.2857794,,,10,3-10,1-3,305,199,14/25,8,106,21,5,4-30,1,0,1
401520301,2023,6,regular,2023-10-07T00:00:00.000Z,FALSE,TRUE,FALSE,TRUE,46703,3832,"Memorial Stadium (Champaign, IL)",356,Illinois,fbs,Big Ten,7,0,7,0,0,0.007883735683,1517,1479,158,Nebraska,fbs,Big Ten,20,3,14,3,0,0.9921162643,1432,1470,3.592677259,,,18,5-15,1-1,312,154,12/24,6.4,158,49,3.2,10-70,1,2,3
401520342,2023,8,regular,2023-10-21T19:30:00.000Z,FALSE,TRUE,FALSE,TRUE,86769,3834,"Memorial Stadium (Lincoln, NE)",158,Nebraska,fbs,Big Ten,17,3,7,0,7,0.9602907526,1470,1474,77,Northwestern,fbs,Big Ten,9,3,3,0,3,0.03970924738,1345,1341,7.154382332,,,12,3-15,0-1,257,176,12/23,7.7,81,39,2.1,8-75,1,0,1
401520355,2023,9,regular,2023-10-28T19:30:00.000Z,FALSE,TRUE,FALSE,TRUE,86709,3834,"Memorial Stadium (Lincoln, NE)",158,Nebraska,fbs,Big Ten,31,0,14,7,10,0.9795194237,1474,1512,2509,Purdue,fbs,Big Ten,14,0,0,0,14,0.02048057632,1482,1444,4.178382686,,,14,7-14,0-1,277,122,6/11,11.1,155,48,3.2,6-49,0,4,4
401520369,2023,10,regular,2023-11-04T16:00:00.000Z,FALSE,TRUE,FALSE,TRUE,63134,3936,Spartan Stadium,127,Michigan State,fbs,Big Ten,20,3,7,3,7,0.9139184419,1385,1388,158,Nebraska,fbs,Big Ten,17,0,10,0,7,0.08608155811,1512,1509,6.542290538,,,19,5-15,1-1,277,129,12/29,4.6,148,41,3.6,0-0,2,1,3
401520392,2023,11,regular,2023-11-11T17:00:00.000Z,FALSE,TRUE,FALSE,TRUE,86830,3834,"Memorial Stadium (Lincoln, NE)",158,Nebraska,fbs,Big Ten,10,0,0,10,0,0.1977260569,1509,1510,120,Maryland,fbs,Big Ten,13,0,7,0,6,0.8022739431,1597,1596,7.721718341,,,19,6-13,0-2,384,283,27/40,7.1,101,26,3.9,10-92,1,2,3
401520422,2023,12,regular,2023-11-19T00:30:00.000Z,FALSE,TRUE,FALSE,TRUE,72237,347,Camp Randall Stadium,275,Wisconsin,fbs,Big Ten,24,0,10,7,0,0.0844247394,1593,1598,158,Nebraska,fbs,Big Ten,17,14,0,0,3,0.9155752606,1510,1505,7.479109735,,,19,5-13,1-3,364,169,15/24,7,195,40,4.9,7-54,1,0,1
401520425,2023,13,regular,2023-11-24T17:00:00.000Z,FALSE,TRUE,FALSE,TRUE,86183,3834,"Memorial Stadium (Lincoln, NE)",158,Nebraska,fbs,Big Ten,10,0,7,3,0,0.5736448837,1505,1511,2294,Iowa,fbs,Big Ten,13,0,10,0,3,0.4263551163,1681,1675,8.0530878,,,10,8-17,0-0,264,189,15/28,6.8,75,30,2.5,5-40,1,2,3
401405059,2022,1,regular,2022-08-27T16:30:00.000Z,FALSE,TRUE,TRUE,TRUE,42699,3504,Aviva Stadium,77,Northwestern,fbs,Big Ten,31,3,14,7,7,0.5475434597,1361,1381,158,Nebraska,fbs,Big Ten,28,7,7,14,0,0.4524565403,1636,1616,8.349355668,,,,,,,,,,,,,,,,0
401405063,2022,2,regular,2022-09-03T19:30:00.000Z,FALSE,TRUE,FALSE,FALSE,86590,3834,"Memorial Stadium (Lincoln, NE)",158,Nebraska,fbs,Big Ten,38,7,0,17,14,0.9973970534,1623,1623,155,North Dakota,fcs,MVFC,17,0,7,10,0,0.002602946582,,,2.907930749,,,,,,,,,,,,,,,,0
401405072,2022,3,regular,2022-09-10T23:30:00.000Z,FALSE,TRUE,FALSE,FALSE,86862,3834,"Memorial Stadium (Lincoln, NE)",158,Nebraska,fbs,Big Ten,42,7,21,7,7,0.5761352518,1616,1596,290,Georgia Southern,fbs,Sun Belt,45,14,14,7,10,0.4238647482,1382,1402,8.936899543,,,,,,,,,,,,,,,,0
401404070,2022,4,regular,2022-09-17T16:00:00.000Z,FALSE,TRUE,FALSE,FALSE,87161,3834,"Memorial Stadium (Lincoln, NE)",158,Nebraska,fbs,Big Ten,14,7,0,0,7,0.00336226238,1596,1523,201,Oklahoma,fbs,Big 12,49,14,21,14,0,0.9966377376,1811,1884,2.042123513,,,,,,,,,,,,,,,,0
401405102,2022,6,regular,2022-10-01T23:30:00.000Z,FALSE,TRUE,FALSE,TRUE,86804,3834,"Memorial Stadium (Lincoln, NE)",158,Nebraska,fbs,Big Ten,35,7,14,0,14,0.9938176901,1523,1536,84,Indiana,fbs,Big Ten,21,0,21,0,0,0.006182309915,1336,1323,8.041079184,,,,,,,,,,,,,,,,0
401405111,2022,7,regular,2022-10-07T23:00:00.000Z,FALSE,TRUE,FALSE,TRUE,53752,6577,SHI Stadium,164,Rutgers,fbs,Big Ten,13,10,3,0,0,0.5732717772,1329,1337,158,Nebraska,fbs,Big Ten,14,0,0,7,7,0.4267282228,1536,1528,7.407253265,,,,,,,,,,,,,,,,0
401405113,2022,8,regular,2022-10-15T23:30:00.000Z,FALSE,TRUE,FALSE,TRUE,61320,3907,Ross-Ade Stadium,2509,Purdue,fbs,Big Ten,43,10,17,7,9,0.6374841966,1668,1668,158,Nebraska,fbs,Big Ten,37,0,13,17,7,0.3625158034,1528,1528,4.602756108,,,,,,,,,,,,,,,,0
401405124,2022,10,regular,2022-10-29T19:30:00.000Z,FALSE,TRUE,FALSE,TRUE,86691,3834,"Memorial Stadium (Lincoln, NE)",158,Nebraska,fbs,Big Ten,9,3,6,0,0,0.007150416227,1528,1508,356,Illinois,fbs,Big Ten,26,6,14,3,3,0.9928495838,1736,1756,2.769636336,,,,,,,,,,,,,,,,0
401405128,2022,11,regular,2022-11-05T16:00:00.000Z,FALSE,TRUE,FALSE,TRUE,86284,3834,"Memorial Stadium (Lincoln, NE)",158,Nebraska,fbs,Big Ten,13,10,0,0,3,0.03443723736,1508,1511,135,Minnesota,fbs,Big Ten,20,0,0,10,10,0.9655627626,1727,1724,4.963510402,,,,,,,,,,,,,,,,0
401405137,2022,12,regular,2022-11-12T20:30:00.000Z,FALSE,TRUE,FALSE,TRUE,110192,3558,Michigan Stadium,130,Michigan,fbs,Big Ten,34,7,10,7,10,0.9984954183,2058,2080,158,Nebraska,fbs,Big Ten,3,0,3,0,0,0.001504581657,1511,1489,1.428844292,,,,,,,,,,,,,,,,0
401405142,2022,13,regular,2022-11-19T17:00:00.000Z,FALSE,TRUE,FALSE,TRUE,86068,3834,"Memorial Stadium (Lincoln, NE)",158,Nebraska,fbs,Big Ten,14,0,7,7,0,0.1855788524,1489,1499,275,Wisconsin,fbs,Big Ten,15,0,0,3,12,0.8144211476,1731,1721,6.815475703,,,,,,,,,,,,,,,,0
401405148,2022,14,regular,2022-11-25T21:00:00.000Z,FALSE,TRUE,FALSE,TRUE,69250,3793,Kinnick Stadium,2294,Iowa,fbs,Big Ten,17,0,0,7,10,0.01426462614,1742,1709,158,Nebraska,fbs,Big Ten,24,10,7,7,0,0.9857353739,1499,1532,4.707944915,,,,,,,,,,,,,,,,0
401282714,2021,1,regular,2021-08-28T17:20:00.000Z,FALSE,TRUE,FALSE,TRUE,41064,3832,"Memorial Stadium (Champaign, IL)",356,Illinois,fbs,Big Ten,30,2,14,14,0,0.4056606387,1392,1411,158,Nebraska,fbs,Big Ten,22,0,9,7,6,0.5943393613,1503,1484,5.485981256,,,,,,,,,,,,,,,,0
401327913,2021,2,regular,2021-09-04T16:00:00.000Z,FALSE,TRUE,FALSE,FALSE,85938,3834,"Memorial Stadium (Lincoln, NE)",158,Nebraska,fbs,Big Ten,52,7,17,14,14,0.9028727534,,,2230,Fordham,fcs,Patriot,7,0,7,0,0,0.09712724656,,,1.30919866,,,,,,,,,,,,,,,,0
401282797,2021,3,regular,2021-09-11T19:30:00.000Z,FALSE,TRUE,FALSE,FALSE,85663,3834,"Memorial Stadium (Lincoln, NE)",158,Nebraska,fbs,Big Ten,28,0,14,0,14,0.9980612461,1484,1567,2084,Buffalo,fbs,Mid-American,3,0,0,3,0,0.001938753889,1645,1562,3.917046508,,,,,,,,,,,,,,,,0
401282798,2021,4,regular,2021-09-18T16:00:00.000Z,FALSE,TRUE,FALSE,FALSE,84659,3835,"Memorial Stadium (Norman, OK)",201,Oklahoma,fbs,Big 12,23,7,0,9,7,0.884176071,1869,1863,158,Nebraska,fbs,Big Ten,16,3,0,6,7,0.115823929,1567,1573,3.456702838,,,,,,,,,,,,,,,,0
401282784,2021,5,regular,2021-09-25T23:00:00.000Z,FALSE,TRUE,FALSE,TRUE,70332,3936,Spartan Stadium,127,Michigan State,fbs,Big Ten,23,0,13,0,7,0.1725612913,1554,1555,158,Nebraska,fbs,Big Ten,20,0,10,3,7,0.8274387087,1573,1572,7.764411517,,,,,,,,,,,,,,,,0
401282800,2021,6,regular,2021-10-02T23:30:00.000Z,FALSE,TRUE,FALSE,TRUE,87364,3834,"Memorial Stadium (Lincoln, NE)",158,Nebraska,fbs,Big Ten,56,21,14,14,7,0.9989177821,1572,1729,77,Northwestern,fbs,Big Ten,7,7,0,0,0,0.001082217928,1607,1450,1.928261241,,,,,,,,,,,,,,,,0
401282778,2021,7,regular,2021-10-09T23:30:00.000Z,FALSE,TRUE,FALSE,TRUE,87380,3834,"Memorial Stadium (Lincoln, NE)",158,Nebraska,fbs,Big Ten,29,0,0,22,7,0.6191691079,1729,1732,130,Michigan,fbs,Big Ten,32,0,13,6,13,0.3808308921,1858,1855,7.042801752,,,,,,,,,,,,,,,,0
401282796,2021,8,regular,2021-10-16T16:00:00.000Z,FALSE,TRUE,FALSE,TRUE,45436,3953,Huntington Bank Stadium,135,Minnesota,fbs,Big Ten,30,7,14,0,9,0.9468666287,1603,1620,158,Nebraska,fbs,Big Ten,23,3,6,7,7,0.05313337128,1732,1715,6.646311815,,,,,,,,,,,,,,,,0
401247293,2020,9,regular,2020-10-24T16:00:00.000Z,FALSE,TRUE,FALSE,TRUE,1344,3861,Ohio Stadium,194,Ohio State,fbs,Big Ten,52,14,10,14,14,0.996102126,2079,2115,158,Nebraska,fbs,Big Ten,17,7,7,3,0,0.00389787404,1568,1532,1.894958769,https://www.youtube.com/watch?v=dc0RElYliyk,,,,,,,,,,,,,,,0
401282801,2021,10,regular,2021-10-30T19:30:00.000Z,FALSE,TRUE,FALSE,TRUE,85902,3834,"Memorial Stadium (Lincoln, NE)",158,Nebraska,fbs,Big Ten,23,7,10,0,6,0.5561261905,1715,1698,2509,Purdue,fbs,Big Ten,28,0,14,7,7,0.4438738095,1603,1620,5.899744183,,,,,,,,,,,,,,,,0
401282799,2021,11,regular,2021-11-06T16:00:00.000Z,FALSE,TRUE,FALSE,TRUE,84426,3834,"Memorial Stadium (Lincoln, NE)",158,Nebraska,fbs,Big Ten,17,0,10,7,0,0.5133905954,1698,1713,194,Ohio State,fbs,Big Ten,26,0,17,6,3,0.4866094046,2128,2113,4.326089516,,,,,,,,,,,,,,,,0
401282803,2021,13,regular,2021-11-20T20:30:00.000Z,FALSE,TRUE,FALSE,TRUE,67888,347,Camp Randall Stadium,275,Wisconsin,fbs,Big Ten,35,14,0,14,7,0.5896946746,1907,1906,158,Nebraska,fbs,Big Ten,28,7,7,7,7,0.4103053254,1713,1714,5.806943535,,,,,,,,,,,,,,,,0
401282761,2021,14,regular,2021-11-26T18:30:00.000Z,FALSE,TRUE,FALSE,TRUE,86541,3834,"Memorial Stadium (Lincoln, NE)",158,Nebraska,fbs,Big Ten,21,7,7,7,0,0.9664082067,1714,1704,2294,Iowa,fbs,Big Ten,28,0,6,3,19,0.03359179331,1757,1767,6.910226129,,,,,,,,,,,,,,,,0
401247307,2020,10,regular,2020-11-07T17:00:00.000Z,FALSE,TRUE,FALSE,TRUE,0,3911,Ryan Field,77,Northwestern,fbs,Big Ten,21,7,0,7,7,0.9565627815,1594,1602,158,Nebraska,fbs,Big Ten,13,0,13,0,0,0.04343721855,1532,1524,7.750726371,https://www.youtube.com/watch?v=HhDYZwolM70,,,,,,,,,,,,,,,0
401247320,2020,11,regular,2020-11-14T17:00:00.000Z,FALSE,TRUE,FALSE,TRUE,0,3834,"Memorial Stadium (Lincoln, NE)",158,Nebraska,fbs,Big Ten,30,10,17,0,3,0.7655563683,1524,1544,213,Penn State,fbs,Big Ten,23,0,6,10,7,0.2344436317,1705,1685,5.121925004,https://www.youtube.com/watch?v=1MzPZqfRmTw,,,,,,,,,,,,,,,0
401247321,2020,12,regular,2020-11-21T17:00:00.000Z,FALSE,TRUE,FALSE,TRUE,0,3834,"Memorial Stadium (Lincoln, NE)",158,Nebraska,fbs,Big Ten,23,7,3,7,6,0.1393910412,1544,1476,356,Illinois,fbs,Big Ten,41,14,14,10,3,0.8606089588,1339,1407,4.443152673,https://www.youtube.com/watch?v=doYMCYgIMlw,,,,,,,,,,,,,,,0
401247332,2020,13,regular,2020-11-27T18:00:00.000Z,FALSE,TRUE,FALSE,TRUE,1469,3793,Kinnick Stadium,2294,Iowa,fbs,Big Ten,26,10,3,7,6,0.7362179287,1934,1921,158,Nebraska,fbs,Big Ten,20,0,13,7,0,0.2637820713,1476,1489,6.296173887,https://www.youtube.com/watch?v=4offUS0cnFY,,,,,,,,,,,,,,,0
401247335,2020,14,regular,2020-12-05T17:00:00.000Z,FALSE,TRUE,FALSE,TRUE,808,3907,Ross-Ade Stadium,2509,Purdue,fbs,Big Ten,27,3,10,7,7,0.02008137291,1474,1455,158,Nebraska,fbs,Big Ten,37,17,10,7,3,0.9799186271,1489,1508,4.57814299,https://www.youtube.com/watch?v=nFFIeFq4WIM,,,,,,,,,,,,,,,0
401247345,2020,15,regular,2020-12-12T17:00:00.000Z,FALSE,TRUE,FALSE,TRUE,0,3834,"Memorial Stadium (Lincoln, NE)",158,Nebraska,fbs,Big Ten,17,0,14,0,3,0.2570228881,1508,1504,135,Minnesota,fbs,Big Ten,24,10,7,0,7,0.7429771119,1622,1626,6.563845225,https://www.youtube.com/watch?v=afKXPRQ5x7Y,,,,,,,,,,,,,,,0
401269382,2020,16,regular,2020-12-19T00:30:00.000Z,FALSE,TRUE,FALSE,TRUE,0,6577,SHI Stadium,164,Rutgers,fbs,Big Ten,21,3,11,7,0,0.001160619294,1340,1339,158,Nebraska,fbs,Big Ten,28,0,7,14,7,0.9988393807,1504,1505,8.005705431,https://www.youtube.com/watch?v=lczu5l7r4O4,,,,,,,,,,,,,,,0
401112238,2019,1,regular,2019-08-31T16:00:00.000Z,FALSE,TRUE,FALSE,FALSE,89502,3834,"Memorial Stadium (Lincoln, NE)",158,Nebraska,fbs,Big Ten,35,7,7,14,7,0.9037885856,1475,1478,6,South Alabama,fbs,Sun Belt,21,7,0,14,0,0.09621141442,1168,1165,0.7724859919,https://www.youtube.com/watch?v=LnhY4vAXjiI,,,,,,,,,,,,,,,0
401112239,2019,2,regular,2019-09-07T19:30:00.000Z,FALSE,TRUE,FALSE,FALSE,52829,3726,Folsom Field,38,Colorado,fbs,Pac-12,34,0,0,7,24,0.7830554548,1492,1493,158,Nebraska,fbs,Big Ten,31,7,10,0,14,0.2169445452,1478,1477,7.437766586,https://www.youtube.com/watch?v=SaKlr1NMnu4,,,,,,,,,,,,,,,0
401112240,2019,3,regular,2019-09-15T00:00:00.000Z,FALSE,TRUE,FALSE,FALSE,89593,3834,"Memorial Stadium (Lincoln, NE)",158,Nebraska,fbs,Big Ten,44,10,20,7,7,0.9999825185,1477,1572,2459,Northern Illinois,fbs,Mid-American,8,0,5,3,0,0.00001748146612,1425,1330,1.277250159,https://www.youtube.com/watch?v=iPUXmn3yFig,,,,,,,,,,,,,,,0
401112148,2019,4,regular,2019-09-22T00:00:00.000Z,FALSE,TRUE,FALSE,TRUE,44512,3832,"Memorial Stadium (Champaign, IL)",356,Illinois,fbs,Big Ten,38,14,7,14,3,0.008917649122,1366,1372,158,Nebraska,fbs,Big Ten,42,7,7,13,15,0.9910823509,1572,1566,8.723365084,https://www.youtube.com/watch?v=Bmhy1ncoXUs,,,,,,,,,,,,,,,0
401112241,2019,5,regular,2019-09-28T23:30:00.000Z,FALSE,TRUE,FALSE,TRUE,89759,3834,"Memorial Stadium (Lincoln, NE)",158,Nebraska,fbs,Big Ten,7,0,0,7,0,0.003579664976,1566,1520,194,Ohio State,fbs,Big Ten,48,14,24,10,0,0.996420335,2157,2203,0.7542584295,https://www.youtube.com/watch?v=M8QpwE94xng,,,,,,,,,,,,,,,0
401112242,2019,6,regular,2019-10-05T20:00:00.000Z,FALSE,TRUE,FALSE,TRUE,89384,3834,"Memorial Stadium (Lincoln, NE)",158,Nebraska,fbs,Big Ten,13,7,3,0,3,0.525732714,1520,1522,77,Northwestern,fbs,Big Ten,10,0,3,7,0,0.474267286,1565,1563,8.249839187,https://www.youtube.com/watch?v=T3WbVQp8hrI,,,,,,,,,,,,,,,0
401112233,2019,7,regular,2019-10-12T23:30:00.000Z,FALSE,TRUE,FALSE,TRUE,43502,3953,Huntington Bank Stadium,135,Minnesota,fbs,Big Ten,34,7,7,20,0,0.9999851033,1639,1695,158,Nebraska,fbs,Big Ten,7,0,0,0,7,0.00001489674866,1522,1466,2.028653206,https://www.youtube.com/watch?v=GXTLT5wTH8Y,,,,,,,,,,,,,,,0
401112164,2019,9,regular,2019-10-26T19:30:00.000Z,FALSE,TRUE,FALSE,TRUE,89317,3834,"Memorial Stadium (Lincoln, NE)",158,Nebraska,fbs,Big Ten,31,14,7,3,7,0.4177206931,1466,1459,84,Indiana,fbs,Big Ten,38,9,7,15,7,0.5822793069,1549,1556,6.897197783,https://www.youtube.com/watch?v=EXiZufhZqdY,,,,,,,,,,,,,,,0
401112243,2019,10,regular,2019-11-02T16:00:00.000Z,FALSE,TRUE,FALSE,TRUE,50606,3907,Ross-Ade Stadium,2509,Purdue,fbs,Big Ten,31,0,14,3,14,0.9539961983,1488,1490,158,Nebraska,fbs,Big Ten,27,10,0,3,14,0.04600380173,1459,1457,9.073733539,https://www.youtube.com/watch?v=m0hKH6Zb0vY,,,,,,,,,,,,,,,0
401112244,2019,12,regular,2019-11-16T17:00:00.000Z,FALSE,TRUE,FALSE,TRUE,88842,3834,"Memorial Stadium (Lincoln, NE)",158,Nebraska,fbs,Big Ten,21,7,7,7,0,0.2280409585,1457,1468,275,Wisconsin,fbs,Big Ten,37,7,20,7,3,0.7719590415,1982,1971,2.697904873,https://www.youtube.com/watch?v=8Pd2EzfbEig,,,,,,,,,,,,,,,0
401112210,2019,13,regular,2019-11-23T20:30:00.000Z,FALSE,TRUE,FALSE,TRUE,34082,3665,SECU Stadium,120,Maryland,fbs,Big Ten,7,0,0,0,7,0.003622477614,1303,1181,158,Nebraska,fbs,Big Ten,54,17,17,10,10,0.9963775224,1468,1590,1.534524458,https://www.youtube.com/watch?v=Sms2FSdvQyE,,,,,,,,,,,,,,,0
401112200,2019,14,regular,2019-11-29T19:30:00.000Z,FALSE,TRUE,FALSE,TRUE,89039,3834,"Memorial Stadium (Lincoln, NE)",158,Nebraska,fbs,Big Ten,24,3,7,14,0,0.8609846707,1590,1602,2294,Iowa,fbs,Big Ten,27,14,10,0,3,0.1390153293,1886,1874,7.689614192,https://www.youtube.com/watch?v=NHChm3knZxQ,,,,,,,,,,,,,,,0
401012729,2018,2,regular,2018-09-08T19:30:00.000Z,FALSE,TRUE,FALSE,FALSE,89853,3834,"Memorial Stadium (Lincoln, NE)",158,Nebraska,fbs,Big Ten,28,7,14,7,0,0.2150291027,1394,1398,38,Colorado,fbs,Pac-12,33,14,3,10,6,0.7849708973,1576,1572,10.36401516,https://www.youtube.com/watch?v=kppmdIUtNTc,,,,,,,,,,,,,,,0
401013337,2018,3,regular,2018-09-15T16:00:00.000Z,FALSE,TRUE,FALSE,FALSE,89360,3834,"Memorial Stadium (Lincoln, NE)",158,Nebraska,fbs,Big Ten,19,0,7,6,6,0.7346344124,1398,1396,2653,Troy,fbs,Sun Belt,24,3,14,0,7,0.2653655876,1496,1498,6.857847408,https://www.youtube.com/watch?v=YlyWRJDoZCc,,,,,,,,,,,,,,,0
401012891,2018,4,regular,2018-09-22T16:00:00.000Z,FALSE,TRUE,FALSE,TRUE,111037,3558,Michigan Stadium,130,Michigan,fbs,Big Ten,56,20,19,10,7,0.9999916899,1814,1894,158,Nebraska,fbs,Big Ten,10,0,0,3,7,0.000008310148853,1396,1316,0.5878271411,https://www.youtube.com/watch?v=Oq2E5cKgAIw,,,,,,,,,,,,,,,0
401013338,2018,5,regular,2018-09-29T19:30:00.000Z,FALSE,TRUE,FALSE,TRUE,88911,3834,"Memorial Stadium (Lincoln, NE)",158,Nebraska,fbs,Big Ten,28,7,0,14,7,0.3060729129,1316,1311,2509,Purdue,fbs,Big Ten,42,10,10,15,7,0.6939270871,1603,1608,4.038926769,https://www.youtube.com/watch?v=UuaSW0MaOf8,,,,,,,,,,,,,,,0
401013339,2018,6,regular,2018-10-06T23:30:00.000Z,FALSE,TRUE,FALSE,TRUE,80051,347,Camp Randall Stadium,275,Wisconsin,fbs,Big Ten,41,3,17,14,7,0.9289314578,1879,1868,158,Nebraska,fbs,Big Ten,24,0,3,14,7,0.07106854215,1311,1322,1.375225686,https://www.youtube.com/watch?v=tPR6PEqMga0,,,,,,,,,,,,,,,0
401013340,2018,7,regular,2018-10-13T16:00:00.000Z,FALSE,TRUE,FALSE,TRUE,47330,3911,Ryan Field,77,Northwestern,fbs,Big Ten,34,0,14,0,17,0.4482776569,1648,1645,158,Nebraska,fbs,Big Ten,31,7,6,7,11,0.5517223431,1322,1325,8.182520133,https://www.youtube.com/watch?v=t501p8KVRvE,,,,,,,,,,,,,,,0
401013332,2018,8,regular,2018-10-20T19:30:00.000Z,FALSE,TRUE,FALSE,TRUE,89272,3834,"Memorial Stadium (Lincoln, NE)",158,Nebraska,fbs,Big Ten,53,14,14,8,17,0.9998610062,1325,1410,135,Minnesota,fbs,Big Ten,28,0,8,14,6,0.0001389937677,1503,1418,2.120569372,https://www.youtube.com/watch?v=kh7klieOfx0,,,,,,,,,,,,,,,0
401085385,2018,9,regular,2018-10-27T16:00:00.000Z,FALSE,TRUE,FALSE,FALSE,88735,3834,"Memorial Stadium (Lincoln, NE)",158,Nebraska,fbs,Big Ten,45,28,10,0,7,0.9999776434,,,2065,Bethune-Cookman,fcs,MEAC,9,3,0,0,6,0.00002235664253,,,0.0188837552,https://www.youtube.com/watch?v=nUQej9OPLT0,,,,,,,,,,,,,,,0
401013341,2018,10,regular,2018-11-03T16:00:00.000Z,FALSE,TRUE,FALSE,TRUE,104245,3861,Ohio Stadium,194,Ohio State,fbs,Big Ten,36,16,0,14,6,0.1298485278,1929,1915,158,Nebraska,fbs,Big Ten,31,7,14,0,10,0.8701514722,1410,1424,4.843761988,https://www.youtube.com/watch?v=TFTK6YuO5a0,,,,,,,,,,,,,,,0
401012813,2018,11,regular,2018-11-10T17:00:00.000Z,FALSE,TRUE,FALSE,TRUE,88316,3834,"Memorial Stadium (Lincoln, NE)",158,Nebraska,fbs,Big Ten,54,21,17,7,9,0.994927076,1424,1453,356,Illinois,fbs,Big Ten,35,14,7,0,14,0.005072924013,1272,1243,1.329751092,https://www.youtube.com/watch?v=0JYV5RnnoiA,,,,,,,,,,,,,,,0
401012887,2018,12,regular,2018-11-17T17:00:00.000Z,FALSE,TRUE,FALSE,TRUE,88793,3834,"Memorial Stadium (Lincoln, NE)",158,Nebraska,fbs,Big Ten,9,0,0,0,9,0.714232093,1453,1457,127,Michigan State,fbs,Big Ten,6,3,0,0,3,0.285767907,1692,1688,8.225477816,https://www.youtube.com/watch?v=JBib78M5Xzk,,,,,,,,,,,,,,,0
401012871,2018,13,regular,2018-11-23T17:00:00.000Z,FALSE,TRUE,FALSE,TRUE,65299,3793,Kinnick Stadium,2294,Iowa,fbs,Big Ten,31,7,14,7,3,0.6978494608,1931,1926,158,Nebraska,fbs,Big Ten,28,7,6,0,15,0.3021505392,1457,1462,4.619598251,https://www.youtube.com/watch?v=Kb_58houLEg,,,,,,,,,,,,,,,0
400935235,2017,1,regular,2017-09-03T00:00:00.000Z,FALSE,TRUE,FALSE,FALSE,90171,3834,"Memorial Stadium (Lincoln, NE)",158,Nebraska,fbs,Big Ten,43,17,10,7,9,0.3072027996,1519,1530,2032,Arkansas State,fbs,Sun Belt,36,14,12,0,10,0.6927972004,1545,1534,3.224482718,https://www.youtube.com/watch?v=4Cjo3Xw5s7A,,,,,,,,,,,,,,,0
400935264,2017,2,regular,2017-09-09T20:30:00.000Z,FALSE,TRUE,FALSE,FALSE,58389,3626,Autzen Stadium,2483,Oregon,fbs,Pac-12,42,21,21,0,0,0.9961260576,1489,1501,158,Nebraska,fbs,Big Ten,35,7,7,14,7,0.003873942386,1530,1518,2.196776803,https://www.youtube.com/watch?v=8Kg4gsDj5XU,,,,,,,,,,,,,,,0
400935354,2017,3,regular,2017-09-16T16:00:00.000Z,FALSE,TRUE,FALSE,FALSE,89664,3834,"Memorial Stadium (Lincoln, NE)",158,Nebraska,fbs,Big Ten,17,0,0,10,7,0.2783314984,1518,1508,2459,Northern Illinois,fbs,Mid-American,21,14,0,0,7,0.7216685016,1470,1480,7.7545626,https://www.youtube.com/watch?v=k36B4MRuStM,,,,,,,,,,,,,,,0
400935362,2017,4,regular,2017-09-23T19:30:00.000Z,FALSE,TRUE,FALSE,TRUE,89775,3834,"Memorial Stadium (Lincoln, NE)",158,Nebraska,fbs,Big Ten,27,7,7,7,6,0.9875524189,1508,1504,164,Rutgers,fbs,Big Ten,17,7,3,7,0,0.01244758109,1200,1204,4.735456331,https://www.youtube.com/watch?v=eR2LNoeAExE,,,,,,,,,,,,,,,0
400935365,2017,5,regular,2017-09-30T00:00:00.000Z,FALSE,TRUE,FALSE,TRUE,43058,3832,"Memorial Stadium (Champaign, IL)",356,Illinois,fbs,Big Ten,6,0,3,3,0,0.008403613983,1359,1318,158,Nebraska,fbs,Big Ten,28,7,14,0,7,0.991596386,1504,1545,2.066857188,https://www.youtube.com/watch?v=nFPVnRIraCQ,,,,,,,,,,,,,,,0
400935373,2017,6,regular,2017-10-08T00:00:00.000Z,FALSE,TRUE,FALSE,TRUE,89860,3834,"Memorial Stadium (Lincoln, NE)",158,Nebraska,fbs,Big Ten,17,0,10,7,0,0.02435434064,1545,1530,275,Wisconsin,fbs,Big Ten,38,10,7,7,14,0.9756456594,1912,1927,3.696547282,https://www.youtube.com/watch?v=7qJUypRhjqk,,,,,,,,,,,,,,,0
400935381,2017,7,regular,2017-10-14T23:30:00.000Z,FALSE,TRUE,FALSE,TRUE,89346,3834,"Memorial Stadium (Lincoln, NE)",158,Nebraska,fbs,Big Ten,14,0,0,14,0,0.003654541842,1530,1480,194,Ohio State,fbs,Big Ten,56,14,21,14,7,0.9963454582,2113,2163,0.4830829711,https://www.youtube.com/watch?v=B7dF0S8TwCE,,,,,,,,,,,,,,,0
400935395,2017,9,regular,2017-10-28T23:30:00.000Z,FALSE,TRUE,FALSE,TRUE,41411,3907,Ross-Ade Stadium,2509,Purdue,fbs,Big Ten,24,0,14,3,7,0.2269354957,1519,1516,158,Nebraska,fbs,Big Ten,25,3,3,6,13,0.7730645043,1480,1483,6.331070661,https://www.youtube.com/watch?v=RrJcmd-2naM,,,,,,,,,,,,,,,0
400935400,2017,10,regular,2017-11-04T19:30:00.000Z,FALSE,TRUE,FALSE,TRUE,89721,3834,"Memorial Stadium (Lincoln, NE)",158,Nebraska,fbs,Big Ten,24,7,7,10,0,0.04936256583,1483,1481,77,Northwestern,fbs,Big Ten,31,7,10,0,7,0.9506374342,1628,1630,8.229379699,https://www.youtube.com/watch?v=n-3urT7T8hE,,,,,,,,,,,,,,,0
400935405,2017,11,regular,2017-11-11T17:00:00.000Z,FALSE,TRUE,FALSE,TRUE,39933,3953,Huntington Bank Stadium,135,Minnesota,fbs,Big Ten,54,14,16,10,14,0.9986963049,1564,1644,158,Nebraska,fbs,Big Ten,21,7,7,0,7,0.001303695056,1481,1401,2.203784554,https://www.youtube.com/watch?v=WqGHDKZHLwY,,,,,,,,,,,,,,,0
400935415,2017,12,regular,2017-11-18T21:00:00.000Z,FALSE,TRUE,FALSE,TRUE,106722,3632,Beaver Stadium,213,Penn State,fbs,Big Ten,56,14,28,0,14,0.9963834925,2053,2030,158,Nebraska,fbs,Big Ten,44,10,0,14,20,0.003616507496,1401,1424,0.6552965991,https://www.youtube.com/watch?v=cMkmFXMmswA,,,,,,,,,,,,,,,0
400935417,2017,13,regular,2017-11-24T21:00:00.000Z,FALSE,TRUE,FALSE,TRUE,90046,3834,"Memorial Stadium (Lincoln, NE)",158,Nebraska,fbs,Big Ten,14,7,7,0,0,0.004314373801,1424,1341,2294,Iowa,fbs,Big Ten,56,7,7,28,14,0.9956856262,1738,1821,2.634378308,https://www.youtube.com/watch?v=BuM2ufYZT8w,,,,,,,,,,,,,,,0
400869179,2016,1,regular,2016-09-04T00:00:00.000Z,FALSE,TRUE,FALSE,FALSE,90013,3834,"Memorial Stadium (Lincoln, NE)",158,Nebraska,fbs,Big Ten,43,7,7,7,22,0.9998364538,1635,1677,278,Fresno State,fbs,Mountain West,10,0,10,0,0,0.0001635462328,1225,1183,1.081430297,https://www.youtube.com/watch?v=qZBXwjIqzgY,,,,,,,,,,,,,,,0
400869187,2016,2,regular,2016-09-10T16:00:00.000Z,FALSE,TRUE,FALSE,FALSE,89895,3834,"Memorial Stadium (Lincoln, NE)",158,Nebraska,fbs,Big Ten,52,7,10,7,28,0.9867078207,1677,1724,2751,Wyoming,fbs,Mountain West,17,0,7,10,0,0.01329217928,1265,1218,0.9825287439,https://www.youtube.com/watch?v=r38cU5BhpSI,,,,,,,,,,,,,,,0
400869113,2016,3,regular,2016-09-17T19:30:00.000Z,FALSE,TRUE,FALSE,FALSE,90414,3834,"Memorial Stadium (Lincoln, NE)",158,Nebraska,fbs,Big Ten,35,7,7,14,7,0.9396130078,1724,1725,2483,Oregon,fbs,Pac-12,32,8,12,6,6,0.06038699217,1713,1712,9.569922656,https://www.youtube.com/watch?v=3zMP06tqzlY,,,,,,,,,,,,,,,0
400869660,2016,4,regular,2016-09-24T23:30:00.000Z,FALSE,TRUE,FALSE,TRUE,40284,3911,Ryan Field,77,Northwestern,fbs,Big Ten,13,0,7,6,0,0.1215555948,1490,1487,158,Nebraska,fbs,Big Ten,24,0,10,14,0,0.8784444052,1725,1728,4.4267198,https://www.youtube.com/watch?v=Q3aXBz6eHeg,,,,,,,,,,,,,,,0
400869665,2016,5,regular,2016-10-01T19:30:00.000Z,FALSE,TRUE,FALSE,TRUE,90374,3834,"Memorial Stadium (Lincoln, NE)",158,Nebraska,fbs,Big Ten,31,7,3,0,21,0.934977609,1728,1730,356,Illinois,fbs,Big Ten,16,0,13,3,0,0.06502239095,1376,1374,5.011321293,https://www.youtube.com/watch?v=a7amh3t0KgU,,,,,,,,,,,,,,,0
400869670,2016,7,regular,2016-10-15T19:30:00.000Z,FALSE,TRUE,FALSE,TRUE,48254,3830,"Memorial Stadium (Bloomington, IN)",84,Indiana,fbs,Big Ten,22,0,8,7,7,0.4960006515,1525,1530,158,Nebraska,fbs,Big Ten,27,17,0,0,10,0.5039993485,1730,1725,4.959869899,https://www.youtube.com/watch?v=xRs7cvo2puk,,,,,,,,,,,,,,,0
400869677,2016,8,regular,2016-10-22T19:30:00.000Z,FALSE,TRUE,FALSE,TRUE,90546,3834,"Memorial Stadium (Lincoln, NE)",158,Nebraska,fbs,Big Ten,27,10,0,7,10,0.9965647722,1725,1713,2509,Purdue,fbs,Big Ten,14,7,7,0,0,0.00343522783,1230,1242,3.3040547,https://www.youtube.com/watch?v=UU5NWSng_vY,,,,,,,,,,,,,,,0
400869683,2016,9,regular,2016-10-29T23:00:00.000Z,FALSE,TRUE,FALSE,TRUE,80833,347,Camp Randall Stadium,275,Wisconsin,fbs,Big Ten,23,7,3,7,0,0.9760106356,1850,1851,158,Nebraska,fbs,Big Ten,17,0,7,0,10,0.02398936439,1713,1712,6.787980407,https://www.youtube.com/watch?v=UQ9KDH0D1WE,,,,,,,,,,,,,,,0
400869647,2016,10,regular,2016-11-06T00:00:00.000Z,FALSE,TRUE,FALSE,TRUE,108750,3861,Ohio Stadium,194,Ohio State,fbs,Big Ten,62,14,17,24,7,0.9999958681,2179,2296,158,Nebraska,fbs,Big Ten,3,3,0,0,0,0.00000413192766,1712,1595,0.9085101023,https://www.youtube.com/watch?v=9HjkGifVhhk,,,,,,,,,,,,,,,0
400869691,2016,11,regular,2016-11-13T00:30:00.000Z,FALSE,TRUE,FALSE,TRUE,90456,3834,"Memorial Stadium (Lincoln, NE)",158,Nebraska,fbs,Big Ten,24,3,7,7,7,0.9962068621,1595,1606,135,Minnesota,fbs,Big Ten,17,7,10,0,0,0.003793137919,1615,1604,6.437413707,https://www.youtube.com/watch?v=1IIdsguFwJU,,,,,,,,,,,,,,,0
400869697,2016,12,regular,2016-11-19T17:00:00.000Z,FALSE,TRUE,FALSE,TRUE,89704,3834,"Memorial Stadium (Lincoln, NE)",158,Nebraska,fbs,Big Ten,28,14,7,7,0,0.9999240881,1606,1627,120,Maryland,fbs,Big Ten,7,0,0,0,7,0.00007591191818,1322,1301,1.28032055,https://www.youtube.com/watch?v=AHP5kGD5I_k,,,,,,,,,,,,,,,0
400869699,2016,13,regular,2016-11-25T20:30:00.000Z,FALSE,TRUE,FALSE,TRUE,69814,3793,Kinnick Stadium,2294,Iowa,fbs,Big Ten,40,13,7,6,14,0.9977045121,1657,1734,158,Nebraska,fbs,Big Ten,10,0,3,7,0,0.002295487879,1627,1550,2.274790606,https://www.youtube.com/watch?v=2Of0DHKP6_8,,,,,,,,,,,,,,,0
400876104,2016,17,postseason,2016-12-30T20:30:00.000Z,FALSE,TRUE,TRUE,FALSE,68496,3810,Nissan Stadium,2633,Tennessee,fbs,SEC,38,0,21,3,14,0.9942390939,1708,1729,158,Nebraska,fbs,Big Ten,24,0,7,7,10,0.005760906111,1550,1529,3.699115402,https://www.youtube.com/watch?v=wNiHI9tuUDI,,,,,,,,,,,,,,,0
400763495,2015,1,regular,2015-09-05T19:30:00.000Z,FALSE,TRUE,FALSE,FALSE,89959,3834,"Memorial Stadium (Lincoln, NE)",158,Nebraska,fbs,Big Ten,28,14,0,14,0,0.5220133742,1673,1657,252,BYU,fbs,FBS Independents,33,7,17,0,9,0.4779866258,1569,1585,7.539683864,,,,,,,,,,,,,,,,0
400763503,2015,2,regular,2015-09-13T00:00:00.000Z,FALSE,TRUE,FALSE,FALSE,89822,3834,"Memorial Stadium (Lincoln, NE)",158,Nebraska,fbs,Big Ten,48,14,10,7,17,0.9999708308,1657,1732,6,South Alabama,fbs,Sun Belt,9,0,0,3,6,0.00002916919471,1371,1296,0.3601628148,,,,,,,,,,,,,,,,0
400756923,2015,3,regular,2015-09-19T19:30:00.000Z,FALSE,TRUE,FALSE,FALSE,53580,3948,Hard Rock Stadium,2390,Miami,fbs,ACC,36,17,3,10,3,0.4649093832,1621,1623,158,Nebraska,fbs,Big Ten,33,0,3,7,23,0.5350906168,1732,1730,3.657648514,,,,,,,,,,,,,,,,0
400763522,2015,4,regular,2015-09-26T16:00:00.000Z,FALSE,TRUE,FALSE,FALSE,89899,3834,"Memorial Stadium (Lincoln, NE)",158,Nebraska,fbs,Big Ten,36,10,12,7,7,0.9686545218,1730,1713,2572,Southern Miss,fbs,Conference USA,28,0,0,7,21,0.03134547818,1208,1225,1.332380744,,,,,,,,,,,,,,,,0
400763528,2015,5,regular,2015-10-03T20:02:00.000Z,FALSE,TRUE,FALSE,TRUE,40138,3832,"Memorial Stadium (Champaign, IL)",356,Illinois,fbs,Big Ten,14,0,0,0,14,0.7801487726,1436,1444,158,Nebraska,fbs,Big Ten,13,0,10,3,0,0.2198512274,1713,1705,6.137390327,,,,,,,,,,,,,,,,0
400763536,2015,6,regular,2015-10-10T19:30:00.000Z,FALSE,TRUE,FALSE,TRUE,89886,3834,"Memorial Stadium (Lincoln, NE)",158,Nebraska,fbs,Big Ten,21,0,14,0,7,0.009590999702,1705,1708,275,Wisconsin,fbs,Big Ten,23,0,7,3,13,0.9904090003,1815,1812,9.068531351,,,,,,,,,,,,,,,,0
400763543,2015,7,regular,2015-10-17T19:30:00.000Z,FALSE,TRUE,FALSE,TRUE,54062,3953,Huntington Bank Stadium,135,Minnesota,fbs,Big Ten,25,7,7,0,11,0.007126734002,1602,1554,158,Nebraska,fbs,Big Ten,48,14,10,7,17,0.992873266,1708,1756,3.267119883,,,,,,,,,,,,,,,,0
400763550,2015,8,regular,2015-10-24T16:00:00.000Z,FALSE,TRUE,FALSE,TRUE,89493,3834,"Memorial Stadium (Lincoln, NE)",158,Nebraska,fbs,Big Ten,28,5,7,7,9,0.09978114022,1756,1736,77,Northwestern,fbs,Big Ten,30,7,10,3,10,0.9002188598,1469,1489,9.149280353,,,,,,,,,,,,,,,,0
400763555,2015,9,regular,2015-10-31T16:00:00.000Z,FALSE,TRUE,FALSE,TRUE,31351,3907,Ross-Ade Stadium,2509,Purdue,fbs,Big Ten,55,7,14,21,13,0.7062558558,1273,1328,158,Nebraska,fbs,Big Ten,45,3,6,7,29,0.2937441442,1736,1681,5.759449853,,,,,,,,,,,,,,,,0
400763560,2015,10,regular,2015-11-08T00:00:00.000Z,FALSE,TRUE,FALSE,TRUE,90094,3834,"Memorial Stadium (Lincoln, NE)",158,Nebraska,fbs,Big Ten,39,10,3,7,19,0.5734011293,1681,1687,127,Michigan State,fbs,Big Ten,38,3,14,14,7,0.4265988707,1856,1850,6.292822713,,,,,,,,,,,,,,,,0
400763569,2015,11,regular,2015-11-14T20:30:00.000Z,FALSE,TRUE,FALSE,TRUE,45606,3754,High Point Solutions Stadium,164,Rutgers,fbs,Big Ten,14,0,7,7,0,0.01368184006,1305,1301,158,Nebraska,fbs,Big Ten,31,14,7,7,3,0.9863181599,1687,1691,2.074275793,,,,,,,,,,,,,,,,0
400763576,2015,13,regular,2015-11-27T20:30:00.000Z,FALSE,TRUE,FALSE,TRUE,90830,3834,"Memorial Stadium (Lincoln, NE)",158,Nebraska,fbs,Big Ten,20,0,10,7,3,0.4255431587,1691,1679,2294,Iowa,fbs,Big Ten,28,0,14,14,0,0.5744568413,1739,1751,5.782158807,,,,,,,,,,,,,,,,0
400852720,2015,17,postseason,2015-12-27T02:15:00.000Z,FALSE,TRUE,TRUE,FALSE,33527,4738,Levi's Stadium,158,Nebraska,fbs,Big Ten,37,7,14,9,7,0.9917533226,1679,1702,26,UCLA,fbs,Pac-12,29,7,14,0,8,0.00824667741,1745,1722,5.647564693,,FOSTER FARMS BOWL,,,,,,,,,,,,,,0
400547968,2014,1,regular,2014-08-30T19:30:00.000Z,FALSE,TRUE,FALSE,FALSE,91441,3834,"Memorial Stadium (Lincoln, NE)",158,Nebraska,fbs,Big Ten,55,14,17,17,7,0.9999549731,1599,1720,2226,Florida Atlantic,fbs,Conference USA,7,7,0,0,0,0.00004502694265,1425,1304,2.363228403,,,,,,,,,,,,,,,,0
400547969,2014,2,regular,2014-09-06T16:00:00.000Z,FALSE,TRUE,FALSE,FALSE,91082,3834,"Memorial Stadium (Lincoln, NE)",158,Nebraska,fbs,Big Ten,31,14,7,3,7,0.2674617488,,,2377,McNeese,fcs,Southland,24,7,7,0,10,0.7325382512,,,3.376077324,,,,,,,,,,,,,,,,0
400547970,2014,3,regular,2014-09-14T02:30:00.000Z,FALSE,TRUE,FALSE,FALSE,41031,3660,Valley Children's Stadium,278,Fresno State,fbs,Mountain West,19,2,3,7,7,0.004197955966,1419,1353,158,Nebraska,fbs,Big Ten,55,14,13,14,14,0.995802044,1720,1786,1.612203108,,,,,,,,,,,,,,,,0
400547789,2014,4,regular,2014-09-21T00:00:00.000Z,FALSE,TRUE,FALSE,FALSE,91585,3834,"Memorial Stadium (Lincoln, NE)",158,Nebraska,fbs,Big Ten,41,7,10,14,10,0.9025848394,1786,1788,2390,Miami,fbs,ACC,31,7,7,7,10,0.09741516064,1561,1559,5.121806611,,,,,,,,,,,,,,,,0
400547908,2014,5,regular,2014-09-28T01:00:00.000Z,FALSE,TRUE,FALSE,TRUE,91255,3834,"Memorial Stadium (Lincoln, NE)",158,Nebraska,fbs,Big Ten,45,7,24,7,7,0.9999910371,1788,1826,356,Illinois,fbs,Big Ten,14,7,7,0,0,0.000008962850968,1394,1356,1.15260679,,,,,,,,,,,,,,,,0
400547956,2014,6,regular,2014-10-05T00:00:00.000Z,FALSE,TRUE,FALSE,TRUE,75923,3936,Spartan Stadium,127,Michigan State,fbs,Big Ten,27,7,10,10,0,0.9454788117,1877,1880,158,Nebraska,fbs,Big Ten,22,0,0,3,19,0.05452118833,1826,1823,2.885415597,,,,,,,,,,,,,,,,0
400547971,2014,8,regular,2014-10-18T23:30:00.000Z,FALSE,TRUE,FALSE,TRUE,47330,3911,Ryan Field,77,Northwestern,fbs,Big Ten,17,7,10,0,0,0.004960515171,1593,1564,158,Nebraska,fbs,Big Ten,38,0,14,7,17,0.9950394848,1823,1852,5.751514627,,,,,,,,,,,,,,,,0
400547972,2014,9,regular,2014-10-25T16:00:00.000Z,FALSE,TRUE,FALSE,TRUE,91088,3834,"Memorial Stadium (Lincoln, NE)",158,Nebraska,fbs,Big Ten,42,7,14,14,7,0.9993695778,1852,1856,164,Rutgers,fbs,Big Ten,24,7,0,10,7,0.0006304222156,1456,1452,1.564077224,,,,,,,,,,,,,,,,0
400547973,2014,10,regular,2014-11-01T19:30:00.000Z,FALSE,TRUE,FALSE,TRUE,91107,3834,"Memorial Stadium (Lincoln, NE)",158,Nebraska,fbs,Big Ten,35,7,14,7,7,0.951013363,1856,1853,2509,Purdue,fbs,Big Ten,14,0,7,0,7,0.04898663695,1300,1303,1.175392727,,,,,,,,,,,,,,,,0
400547974,2014,12,regular,2014-11-15T20:30:00.000Z,FALSE,TRUE,FALSE,TRUE,80539,347,Camp Randall Stadium,275,Wisconsin,fbs,Big Ten,59,3,21,28,7,0.9999227234,1989,2069,158,Nebraska,fbs,Big Ten,24,10,7,0,7,0.00007727661423,1853,1773,4.488927722,,,,,,,,,,,,,,,,0
400547966,2014,13,regular,2014-11-22T17:00:00.000Z,FALSE,TRUE,FALSE,TRUE,91186,3834,"Memorial Stadium (Lincoln, NE)",158,Nebraska,fbs,Big Ten,24,7,14,3,0,0.2690531778,1773,1762,135,Minnesota,fbs,Big Ten,28,7,0,14,7,0.7309468222,1710,1721,5.184009999,,,,,,,,,,,,,,,,0
400547935,2014,14,regular,2014-11-28T17:00:00.000Z,FALSE,TRUE,FALSE,TRUE,66897,3793,Kinnick Stadium,2294,Iowa,fbs,Big Ten,34,0,10,14,7,0.1014620665,1645,1647,158,Nebraska,fbs,Big Ten,37,0,7,7,17,0.8985379335,1762,1760,9.164179817,,,,,,,,,,,,,,,,0
400610220,2014,17,postseason,2014-12-28T01:00:00.000Z,FALSE,TRUE,TRUE,FALSE,55789,3932,Qualcomm Stadium,30,USC,fbs,Pac-12,45,10,14,21,0,0.2341829393,1869,1870,158,Nebraska,fbs,Big Ten,42,17,0,17,8,0.7658170607,1760,1759,6.762460592,,NATIONAL UNIVERSITY HOLIDAY BOWL,,,,,,,,,,,,,,0
332430158,2013,1,regular,2013-09-01T00:00:00.000Z,FALSE,TRUE,FALSE,FALSE,91185,3834,"Memorial Stadium (Lincoln, NE)",158,Nebraska,fbs,Big Ten,37,10,7,14,6,0.9386880761,1613,1611,2751,Wyoming,fbs,Mountain West,34,7,7,7,13,0.06131192388,1385,1387,,,,,,,,,,,,,,,,,0
332500158,2013,2,regular,2013-09-07T22:00:00.000Z,FALSE,TRUE,FALSE,FALSE,90466,3834,"Memorial Stadium (Lincoln, NE)",158,Nebraska,fbs,Big Ten,56,21,14,14,7,0.9900009847,1611,1691,2572,Southern Miss,fbs,Conference USA,13,3,3,7,0,0.009999015347,1263,1183,,,,,,,,,,,,,,,,,0
332570158,2013,3,regular,2013-09-14T16:00:00.000Z,FALSE,TRUE,FALSE,FALSE,91471,3834,"Memorial Stadium (Lincoln, NE)",158,Nebraska,fbs,Big Ten,21,14,7,0,0,0.4206265702,1691,1643,26,UCLA,fbs,Pac-12,41,3,7,28,3,0.5793734298,1717,1765,,,,,,,,,,,,,,,,,0
332640158,2013,4,regular,2013-09-21T19:30:00.000Z,FALSE,TRUE,FALSE,FALSE,90614,3834,"Memorial Stadium (Lincoln, NE)",158,Nebraska,fbs,Big Ten,59,14,24,14,7,0.9812716509,,,2571,South Dakota State,fcs,MVFC,20,17,0,0,3,0.01872834913,,,,,,,,,,,,,,,,,,,0
332780158,2013,6,regular,2013-10-05T16:00:00.000Z,FALSE,TRUE,FALSE,TRUE,90458,3834,"Memorial Stadium (Lincoln, NE)",158,Nebraska,fbs,Big Ten,39,14,9,13,3,0.9549898272,1643,1673,356,Illinois,fbs,Big Ten,19,0,5,7,7,0.04501017282,1480,1450,,,,,,,,,,,,,,,,,0
332852509,2013,7,regular,2013-10-12T16:00:00.000Z,FALSE,TRUE,FALSE,TRUE,47203,3907,Ross-Ade Stadium,2509,Purdue,fbs,Big Ten,7,0,0,0,7,0.03259365414,1286,1228,158,Nebraska,fbs,Big Ten,44,14,7,9,14,0.9674063459,1673,1731,,,,,,,,,,,,,,,,,0
332990135,2013,9,regular,2013-10-26T16:00:00.000Z,FALSE,TRUE,FALSE,TRUE,49995,3953,Huntington Bank Stadium,135,Minnesota,fbs,Big Ten,34,7,10,10,7,0.7922340337,1478,1519,158,Nebraska,fbs,Big Ten,23,10,3,7,3,0.2077659663,1731,1690,,,,,,,,,,,,,,,,,0
333060158,2013,10,regular,2013-11-02T19:30:00.000Z,FALSE,TRUE,FALSE,TRUE,91140,3834,"Memorial Stadium (Lincoln, NE)",158,Nebraska,fbs,Big Ten,27,7,7,7,6,0.8961812518,1690,1690,77,Northwestern,fbs,Big Ten,24,14,7,0,3,0.1038187482,1618,1618,,,,,,,,,,,,,,,,,0
333130130,2013,11,regular,2013-11-09T20:30:00.000Z,FALSE,TRUE,FALSE,TRUE,112204,3558,Michigan Stadium,130,Michigan,fbs,Big Ten,13,0,3,7,3,0.3730705074,1797,1783,158,Nebraska,fbs,Big Ten,17,10,0,0,7,0.6269294926,1690,1704,,,,,,,,,,,,,,,,,0
333200158,2013,12,regular,2013-11-16T20:30:00.000Z,FALSE,TRUE,FALSE,TRUE,90872,3834,"Memorial Stadium (Lincoln, NE)",158,Nebraska,fbs,Big Ten,28,7,0,14,7,0.5299238754,1704,1688,127,Michigan State,fbs,Big Ten,41,10,10,7,14,0.4700761246,1841,1857,,,,,,,,,,,,,,,,,0
333270213,2013,13,regular,2013-11-23T20:30:00.000Z,FALSE,TRUE,FALSE,TRUE,98517,3632,Beaver Stadium,213,Penn State,fbs,Big Ten,20,6,0,7,7,0.3874364984,1557,1560,158,Nebraska,fbs,Big Ten,23,0,7,10,3,0.6125635016,1688,1685,,,,,,,,,,,,,,,,,0
333330158,2013,14,regular,2013-11-29T17:00:00.000Z,FALSE,TRUE,FALSE,TRUE,91260,3834,"Memorial Stadium (Lincoln, NE)",158,Nebraska,fbs,Big Ten,17,0,3,7,7,0.7486354294,1685,1629,2294,Iowa,fbs,Big Ten,38,7,7,10,14,0.2513645706,1666,1722,,,,,,,,,,,,,,,,,0
340010061,2013,17,postseason,2014-01-01T17:00:00.000Z,FALSE,TRUE,TRUE,FALSE,60712,,,61,Georgia,fbs,SEC,19,0,9,3,7,0.9092153102,1890,1870,158,Nebraska,fbs,Big Ten,24,0,10,14,0,0.09078468982,1629,1649,,,TAXSLAYER.com GATOR BOWL,,,,,,,,,,,,,,0
322450158,2012,1,regular,2012-09-01T19:30:00.000Z,FALSE,TRUE,FALSE,FALSE,85425,3834,"Memorial Stadium (Lincoln, NE)",158,Nebraska,fbs,Big Ten,49,14,14,14,7,0.9344002092,1619,1709,2572,Southern Miss,fbs,Conference USA,20,7,10,0,3,0.06559979083,1719,1629,,,,,,,,,,,,,,,,,0
322520026,2012,2,regular,2012-09-08T23:50:00.000Z,FALSE,TRUE,FALSE,FALSE,71530,1056,Rose Bowl,26,UCLA,fbs,Pac-12,36,7,17,3,9,0.976168863,1464,1484,158,Nebraska,fbs,Big Ten,30,14,10,3,3,0.02383113701,1709,1689,,,,,,,,,,,,,,,,,0
322590158,2012,3,regular,2012-09-15T16:00:00.000Z,FALSE,TRUE,FALSE,FALSE,85290,3834,"Memorial Stadium (Lincoln, NE)",158,Nebraska,fbs,Big Ten,42,14,14,0,14,0.9811119249,1689,1744,2032,Arkansas State,fbs,Sun Belt,13,0,3,10,0,0.01888807508,1507,1452,,,,,,,,,,,,,,,,,0
322660158,2012,4,regular,2012-09-22T19:30:00.000Z,FALSE,TRUE,FALSE,FALSE,84923,3834,"Memorial Stadium (Lincoln, NE)",158,Nebraska,fbs,Big Ten,73,35,10,21,7,0.999842658,,,304,Idaho State,fcs,Big Sky,7,0,0,0,7,0.0001573419683,,,,,,,,,,,,,,,,,,,0
322730158,2012,5,regular,2012-09-30T00:00:00.000Z,FALSE,TRUE,FALSE,TRUE,85962,3834,"Memorial Stadium (Lincoln, NE)",158,Nebraska,fbs,Big Ten,30,3,7,17,3,0.9343338036,1744,1747,275,Wisconsin,fbs,Big Ten,27,14,6,7,0,0.06566619638,1875,1872,,,,,,,,,,,,,,,,,0
322800194,2012,6,regular,2012-10-07T00:00:00.000Z,FALSE,TRUE,FALSE,TRUE,106102,3861,Ohio Stadium,194,Ohio State,fbs,Big Ten,63,7,28,14,14,0.9622996235,1765,1826,158,Nebraska,fbs,Big Ten,38,14,10,7,7,0.03770037655,1747,1686,,,,,,,,,,,,,,,,,0
322940077,2012,8,regular,2012-10-20T19:30:00.000Z,FALSE,TRUE,FALSE,TRUE,47330,3911,Ryan Field,77,Northwestern,fbs,Big Ten,28,7,7,7,7,0.1790529464,1548,1553,158,Nebraska,fbs,Big Ten,29,3,7,6,13,0.8209470536,1686,1681,,,,,,,,,,,,,,,,,0
323010158,2012,9,regular,2012-10-28T00:00:00.000Z,FALSE,TRUE,FALSE,TRUE,86160,3834,"Memorial Stadium (Lincoln, NE)",158,Nebraska,fbs,Big Ten,23,0,7,9,7,0.9556696344,1681,1729,130,Michigan,fbs,Big Ten,9,0,6,3,0,0.04433036558,1891,1843,,,,,,,,,,,,,,,,,0
323080127,2012,10,regular,2012-11-03T19:30:00.000Z,FALSE,TRUE,FALSE,TRUE,73522,3936,Spartan Stadium,127,Michigan State,fbs,Big Ten,24,7,7,3,7,0.4770201516,1714,1709,158,Nebraska,fbs,Big Ten,28,7,7,0,14,0.5229798484,1729,1734,,,,,,,,,,,,,,,,,0
323150158,2012,11,regular,2012-11-10T20:30:00.000Z,FALSE,TRUE,FALSE,TRUE,85527,3834,"Memorial Stadium (Lincoln, NE)",158,Nebraska,fbs,Big Ten,32,3,3,14,12,0.8715258799,1734,1749,213,Penn State,fbs,Big Ten,23,7,13,3,0,0.1284741201,1742,1727,,,,,,,,,,,,,,,,,0
323220158,2012,12,regular,2012-11-17T20:30:00.000Z,FALSE,TRUE,FALSE,TRUE,85330,3834,"Memorial Stadium (Lincoln, NE)",158,Nebraska,fbs,Big Ten,38,10,14,14,0,0.9998785831,1749,1772,135,Minnesota,fbs,Big Ten,14,0,0,0,14,0.0001214168584,1404,1381,,,,,,,,,,,,,,,,,0
323282294,2012,13,regular,2012-11-23T17:00:00.000Z,FALSE,TRUE,FALSE,TRUE,69805,3793,Kinnick Stadium,2294,Iowa,fbs,Big Ten,7,7,0,0,0,0.3021932372,1485,1494,158,Nebraska,fbs,Big Ten,13,3,0,10,0,0.6978067628,1772,1763,,,,,,,,,,,,,,,,,0
323360275,2012,14,regular,2012-12-02T01:17:00.000Z,FALSE,TRUE,TRUE,TRUE,41260,,,275,Wisconsin,fbs,Big Ten,70,21,21,21,7,0.9993716082,1933,2031,158,Nebraska,fbs,Big Ten,31,10,0,7,14,0.0006283917707,1763,1665,,,,,,,,,,,,,,,,,0
330010158,2012,17,postseason,2013-01-01T18:00:00.000Z,FALSE,TRUE,TRUE,FALSE,59712,,,158,Nebraska,fbs,Big Ten,31,14,10,7,0,0.845906894,1665,1670,61,Georgia,fbs,SEC,45,16,7,8,14,0.154093106,2010,2005,,,CAPITAL ONE BOWL,,,,,,,,,,,,,,0
312460158,2011,1,regular,2011-09-03T19:30:00.000Z,FALSE,TRUE,FALSE,FALSE,84883,3834,"Memorial Stadium (Lincoln, NE)",158,Nebraska,fbs,Big Ten,40,10,13,17,0,0.8575256741,,,236,Chattanooga,fcs,Southern,7,0,0,7,0,0.1424743259,,,,,,,,,,,,,,,,,,,0
312530158,2011,2,regular,2011-09-10T23:00:00.000Z,FALSE,TRUE,FALSE,FALSE,85101,3834,"Memorial Stadium (Lincoln, NE)",158,Nebraska,fbs,Big Ten,42,7,7,7,21,0.7086596874,1722,1722,278,Fresno State,fbs,Western Athletic,29,14,3,3,9,0.2913403126,1393,1393,,,,,,,,,,,,,,,,,0
312600158,2011,3,regular,2011-09-17T19:30:00.000Z,FALSE,TRUE,FALSE,FALSE,85110,3834,"Memorial Stadium (Lincoln, NE)",158,Nebraska,fbs,Big Ten,51,10,10,17,14,0.9366563979,1722,1730,264,Washington,fbs,Pac-12,38,7,10,0,21,0.06334360206,1502,1494,,,,,,,,,,,,,,,,,0
312672751,2011,4,regular,2011-09-24T23:30:00.000Z,FALSE,TRUE,FALSE,FALSE,32617,3984,War Memorial Stadium,2751,Wyoming,fbs,Mountain West,14,0,7,0,7,0.2510110929,1434,1404,158,Nebraska,fbs,Big Ten,38,7,7,10,14,0.7489889071,1730,1760,,,,,,,,,,,,,,,,,0
312740275,2011,5,regular,2011-10-02T00:00:00.000Z,FALSE,TRUE,FALSE,TRUE,81384,347,Camp Randall Stadium,275,Wisconsin,fbs,Big Ten,48,7,20,14,7,0.9392638774,2002,2056,158,Nebraska,fbs,Big Ten,17,7,7,0,3,0.06073612258,1760,1706,,,,,,,,,,,,,,,,,0
312810158,2011,6,regular,2011-10-09T00:00:00.000Z,FALSE,TRUE,FALSE,TRUE,85426,3834,"Memorial Stadium (Lincoln, NE)",158,Nebraska,fbs,Big Ten,34,3,3,14,14,0.5825533071,1706,1723,194,Ohio State,fbs,Big Ten,27,10,10,7,0,0.4174466929,1825,1808,,,,,,,,,,,,,,,,,0
312950135,2011,8,regular,2011-10-22T19:30:00.000Z,FALSE,TRUE,FALSE,TRUE,51000,3953,Huntington Bank Stadium,135,Minnesota,fbs,Big Ten,14,0,0,7,7,0.05697955739,1173,1161,158,Nebraska,fbs,Big Ten,41,10,24,7,0,0.9430204426,1723,1735,,,,,,,,,,,,,,,,,0
313020158,2011,9,regular,2011-10-29T16:00:00.000Z,FALSE,TRUE,FALSE,TRUE,85641,3834,"Memorial Stadium (Lincoln, NE)",158,Nebraska,fbs,Big Ten,24,10,0,14,0,0.4719060661,1735,1788,127,Michigan State,fbs,Big Ten,3,0,3,0,0,0.5280939339,1760,1707,,,,,,,,,,,,,,,,,0
313090158,2011,10,regular,2011-11-05T19:30:00.000Z,FALSE,TRUE,FALSE,TRUE,85115,3834,"Memorial Stadium (Lincoln, NE)",158,Nebraska,fbs,Big Ten,25,0,3,7,15,0.8390690453,1788,1761,77,Northwestern,fbs,Big Ten,28,7,0,7,14,0.1609309547,1456,1483,,,,,,,,,,,,,,,,,0
313160213,2011,11,regular,2011-11-12T17:00:00.000Z,FALSE,TRUE,FALSE,TRUE,107846,3632,Beaver Stadium,213,Penn State,fbs,Big Ten,14,0,0,7,7,0.5760258077,1626,1629,158,Nebraska,fbs,Big Ten,17,0,10,7,0,0.4239741923,1761,1758,,,,,,,,,,,,,,,,,0
313230130,2011,12,regular,2011-11-19T17:00:00.000Z,FALSE,TRUE,FALSE,TRUE,113090,3558,Michigan Stadium,130,Michigan,fbs,Big Ten,45,10,7,14,14,0.9835442795,1777,1848,158,Nebraska,fbs,Big Ten,17,7,3,7,0,0.0164557205,1758,1687,,,,,,,,,,,,,,,,,0
313290158,2011,13,regular,2011-11-25T17:00:00.000Z,FALSE,TRUE,FALSE,TRUE,51000,3834,"Memorial Stadium (Lincoln, NE)",158,Nebraska,fbs,Big Ten,20,0,10,3,7,0.7772950716,1687,1712,2294,Iowa,fbs,Big Ten,7,0,0,0,7,0.2227049284,1681,1656,,,,,,,,,,,,,,,,,0
320022579,2011,17,postseason,2012-01-02T18:00:00.000Z,FALSE,TRUE,TRUE,FALSE,61351,,,2579,South Carolina,fbs,SEC,30,9,7,0,14,0.8673979006,1832,1865,158,Nebraska,fbs,Big Ten,13,13,0,0,0,0.1326020994,1712,1679,,,CAPITAL ONE BOWL,,,,,,,,,,,,,,0
302470158,2010,1,regular,2010-09-04T23:00:00.000Z,FALSE,TRUE,FALSE,FALSE,85555,3834,"Memorial Stadium (Lincoln, NE)",158,Nebraska,fbs,Big 12,49,14,7,14,14,0.9966587475,1782,1816,98,Western Kentucky,fbs,Sun Belt,10,0,0,3,7,0.003341252542,1151,1117,,,,,,,,,,,,,,,,,0
302540158,2010,2,regular,2010-09-11T16:30:00.000Z,FALSE,TRUE,FALSE,FALSE,85732,3834,"Memorial Stadium (Lincoln, NE)",158,Nebraska,fbs,Big 12,38,3,28,7,0,0.9718893592,1816,1816,70,Idaho,fbs,Western Athletic,17,0,3,7,7,0.02811064077,1291,1291,,,,,,,,,,,,,,,,,0
302610264,2010,3,regular,2010-09-18T19:30:00.000Z,FALSE,TRUE,FALSE,FALSE,72876,3765,Husky Stadium,264,Washington,fbs,Pac-10,21,7,7,7,0,0.1886281701,1532,1468,158,Nebraska,fbs,Big 12,56,14,14,21,7,0.8113718299,1816,1880,,,,,,,,,,,,,,,,,0
302680158,2010,4,regular,2010-09-25T23:00:00.000Z,FALSE,TRUE,FALSE,FALSE,85573,3834,"Memorial Stadium (Lincoln, NE)",158,Nebraska,fbs,Big 12,17,0,14,0,3,0.9085797056,,,2571,South Dakota State,fcs,MVFC,3,0,0,3,0,0.09142029436,,,,,,,,,,,,,,,,,,,0
302802306,2010,6,regular,2010-10-07T23:30:00.000Z,FALSE,TRUE,FALSE,TRUE,51015,3636,Bill Snyder Family Stadium,2306,Kansas State,fbs,Big 12,13,0,3,3,7,0.2295442255,1523,1467,158,Nebraska,fbs,Big 12,48,7,10,21,10,0.7704557745,1880,1936,,,,,,,,,,,,,,,,,0
302890158,2010,7,regular,2010-10-16T19:30:00.000Z,FALSE,TRUE,FALSE,TRUE,85648,3834,"Memorial Stadium (Lincoln, NE)",158,Nebraska,fbs,Big 12,13,0,3,3,7,0.3622080323,1936,1910,251,Texas,fbs,Big 12,20,10,7,3,0,0.6377919677,1779,1805,,,,,,,,,,,,,,,,,0
302960197,2010,8,regular,2010-10-23T19:30:00.000Z,FALSE,TRUE,FALSE,TRUE,55935,3646,Boone Pickens Stadium,197,Oklahoma State,fbs,Big 12,41,13,14,7,7,0.6792940789,1826,1812,158,Nebraska,fbs,Big 12,51,14,17,10,10,0.3207059211,1910,1924,,,,,,,,,,,,,,,,,0
303030158,2010,9,regular,2010-10-30T19:30:00.000Z,FALSE,TRUE,FALSE,TRUE,85907,3834,"Memorial Stadium (Lincoln, NE)",158,Nebraska,fbs,Big 12,31,24,0,7,0,0.7287796145,1924,1940,142,Missouri,fbs,Big 12,17,0,7,10,0,0.2712203855,1778,1762,,,,,,,,,,,,,,,,,0
303100066,2010,10,regular,2010-11-06T19:30:00.000Z,FALSE,TRUE,FALSE,TRUE,51159,3772,Jack Trice Stadium,66,Iowa State,fbs,Big 12,30,0,10,0,14,0.3590164423,1377,1400,158,Nebraska,fbs,Big 12,31,0,7,17,0,0.6409835577,1940,1917,,,,,,,,,,,,,,,,,0
303170158,2010,11,regular,2010-11-14T00:00:00.000Z,FALSE,TRUE,FALSE,TRUE,85587,3834,"Memorial Stadium (Lincoln, NE)",158,Nebraska,fbs,Big 12,20,7,7,3,3,0.9976175813,1917,1894,2305,Kansas,fbs,Big 12,3,0,0,3,0,0.002382418673,1185,1208,,,,,,,,,,,,,,,,,0
303240245,2010,12,regular,2010-11-21T01:00:00.000Z,FALSE,TRUE,FALSE,TRUE,85116,3795,Kyle Field,245,Texas A&M,fbs,Big 12,9,0,3,0,6,0.5216884958,1732,1735,158,Nebraska,fbs,Big 12,6,3,0,0,3,0.4783115042,1894,1891,,,,,,,,,,,,,,,,,0
303300158,2010,13,regular,2010-11-26T20:30:00.000Z,FALSE,TRUE,FALSE,TRUE,85646,3834,"Memorial Stadium (Lincoln, NE)",158,Nebraska,fbs,Big 12,45,3,14,21,7,0.9926511629,1891,1912,38,Colorado,fbs,Big 12,17,0,3,14,0,0.007348837061,1419,1398,,,,,,,,,,,,,,,,,0
303380158,2010,14,regular,2010-12-05T01:00:00.000Z,FALSE,TRUE,TRUE,TRUE,78802,,,158,Nebraska,fbs,Big 12,20,10,10,0,0,0.3129141802,1912,1917,201,Oklahoma,fbs,Big 12,23,0,17,3,3,0.6870858198,2035,2030,,,,,,,,,,,,,,,,,0
303640264,2010,17,postseason,2010-12-31T03:00:00.000Z,FALSE,TRUE,TRUE,FALSE,57921,3932,Qualcomm Stadium,264,Washington,fbs,Pac-10,19,10,0,7,2,0.9284005277,1392,1476,158,Nebraska,fbs,Big 12,7,0,7,0,0,0.07159947231,1917,1833,,,BRIDGEPOINT EDUCATION HOLIDAY BOWL,,,,,,,,,,,,,,0
292480158,2009,1,regular,2009-09-05T23:00:00.000Z,FALSE,TRUE,FALSE,FALSE,85719,3834,"Memorial Stadium (Lincoln, NE)",158,Nebraska,fbs,Big 12,49,7,14,21,7,,1622,1724,2226,Florida Atlantic,fbs,Sun Belt,3,0,3,0,0,,1367,1265,,,,,,,,,,,,,,,,,0
292550158,2009,2,regular,2009-09-12T18:00:00.000Z,FALSE,TRUE,FALSE,FALSE,85035,3834,"Memorial Stadium (Lincoln, NE)",158,Nebraska,fbs,Big 12,38,14,10,7,7,,1724,1759,2032,Arkansas State,fbs,Sun Belt,9,0,6,0,3,,1357,1322,,,,,,,,,,,,,,,,,0
292620259,2009,3,regular,2009-09-19T19:30:00.000Z,FALSE,TRUE,FALSE,FALSE,66233,3799,Lane Stadium,259,Virginia Tech,fbs,ACC,16,7,3,0,6,,1752,1753,158,Nebraska,fbs,Big 12,15,3,9,0,3,,1759,1758,,,,,,,,,,,,,,,,,0
292690158,2009,4,regular,2009-09-26T23:00:00.000Z,FALSE,TRUE,FALSE,FALSE,86304,3834,"Memorial Stadium (Lincoln, NE)",158,Nebraska,fbs,Big 12,55,13,21,7,14,,1758,1863,309,Louisiana,fbs,Sun Belt,0,0,0,0,0,,1301,1196,,,,,,,,,,,,,,,,,0
292810142,2009,6,regular,2009-10-09T01:00:00.000Z,FALSE,TRUE,FALSE,TRUE,65826,3838,Memorial Stadium,142,Missouri,fbs,Big 12,12,0,9,3,0,,1785,1758,158,Nebraska,fbs,Big 12,27,0,0,0,27,,1863,1890,,,,,,,,,,,,,,,,,0
292900158,2009,7,regular,2009-10-17T19:30:00.000Z,FALSE,TRUE,FALSE,TRUE,86107,3834,"Memorial Stadium (Lincoln, NE)",158,Nebraska,fbs,Big 12,10,0,3,0,7,,1890,1842,2641,Texas Tech,fbs,Big 12,31,14,10,0,7,,1942,1990,,,,,,,,,,,,,,,,,0
292970158,2009,8,regular,2009-10-24T16:30:00.000Z,FALSE,TRUE,FALSE,TRUE,85938,3834,"Memorial Stadium (Lincoln, NE)",158,Nebraska,fbs,Big 12,7,7,0,0,0,,1842,1814,66,Iowa State,fbs,Big 12,9,3,6,0,0,,1428,1456,,,,,,,,,,,,,,,,,0
293040239,2009,9,regular,2009-10-31T16:30:00.000Z,FALSE,TRUE,FALSE,TRUE,31702,3724,Floyd Casey Stadium,239,Baylor,fbs,Big 12,10,0,0,10,0,,1414,1425,158,Nebraska,fbs,Big 12,20,10,10,0,0,,1814,1803,,,,,,,,,,,,,,,,,0
293110158,2009,10,regular,2009-11-08T01:00:00.000Z,FALSE,TRUE,FALSE,TRUE,86115,3834,"Memorial Stadium (Lincoln, NE)",158,Nebraska,fbs,Big 12,10,0,7,3,0,,1803,1831,201,Oklahoma,fbs,Big 12,3,0,3,0,0,,2108,2080,,,,,,,,,,,,,,,,,0
293182305,2009,11,regular,2009-11-14T20:30:00.000Z,FALSE,TRUE,FALSE,TRUE,51525,3833,Memorial Stadium,2305,Kansas,fbs,Big 12,17,0,10,0,7,,1642,1628,158,Nebraska,fbs,Big 12,31,7,3,3,18,,1831,1845,,,,,,,,,,,,,,,,,0
293250158,2009,12,regular,2009-11-22T00:45:00.000Z,FALSE,TRUE,FALSE,TRUE,85998,3834,"Memorial Stadium (Lincoln, NE)",158,Nebraska,fbs,Big 12,17,3,7,7,0,,1845,1845,2306,Kansas State,fbs,Big 12,3,3,0,0,0,,1494,1494,,,,,,,,,,,,,,,,,0
293310038,2009,13,regular,2009-11-27T20:30:00.000Z,FALSE,TRUE,FALSE,TRUE,52817,3726,Folsom Field,38,Colorado,fbs,Big 12,20,0,7,7,6,,1390,1408,158,Nebraska,fbs,Big 12,28,7,14,0,7,,1845,1827,,,,,,,,,,,,,,,,,0
293390158,2009,14,regular,2009-12-06T01:00:00.000Z,FALSE,TRUE,TRUE,TRUE,76211,,,158,Nebraska,fbs,Big 12,12,6,0,0,6,,1827,1835,251,Texas,fbs,Big 12,13,0,7,3,3,,2170,2162,,,,,,,,,,,,,,,,,0
293640158,2009,17,postseason,2009-12-31T01:00:00.000Z,FALSE,TRUE,TRUE,FALSE,64607,3932,Qualcomm Stadium,158,Nebraska,fbs,Big 12,33,10,13,10,0,,1835,1923,12,Arizona,fbs,Pac-10,0,0,0,0,0,,1748,1660,,,,,,,,,,,,,,,,,0
282430158,2008,1,regular,2008-08-30T23:00:00.000Z,FALSE,TRUE,FALSE,,84485,3834,"Memorial Stadium (Lincoln, NE)",158,Nebraska,fbs,Big 12,47,14,20,10,3,,1550,1591,2711,Western Michigan,fbs,Mid-American,24,0,10,7,7,,1403,1362,,,,,,,,,,,,,,,,,0
282500158,2008,2,regular,2008-09-06T16:30:00.000Z,FALSE,TRUE,FALSE,,84146,3834,"Memorial Stadium (Lincoln, NE)",158,Nebraska,fbs,Big 12,35,14,0,0,21,,1591,1619,23,San Jos State,fbs,Western Athletic,12,6,3,0,3,,1325,1297,,,,,,,,,,,,,,,,,0
282570158,2008,3,regular,2008-09-13T23:00:00.000Z,FALSE,TRUE,FALSE,,84821,3834,"Memorial Stadium (Lincoln, NE)",158,Nebraska,fbs,Big 12,38,7,14,14,3,,1619,1653,166,New Mexico State,fbs,Western Athletic,7,0,0,0,7,,1190,1156,,,,,,,,,,,,,,,,,0
282710158,2008,5,regular,2008-09-28T00:00:00.000Z,FALSE,TRUE,FALSE,,85831,3834,"Memorial Stadium (Lincoln, NE)",158,Nebraska,fbs,Big 12,30,7,3,7,13,,1653,1650,259,Virginia Tech,fbs,ACC,35,9,9,10,7,,1733,1736,,,,,,,,,,,,,,,,,0
282780158,2008,6,regular,2008-10-05T01:00:00.000Z,FALSE,TRUE,TRUE,,85372,3834,"Memorial Stadium (Lincoln, NE)",158,Nebraska,fbs,Big 12,17,7,3,0,7,,1650,1587,142,Missouri,fbs,Big 12,52,14,17,21,0,,1945,2008,,,,,,,,,,,,,,,,,0
282852641,2008,7,regular,2008-10-11T19:00:00.000Z,FALSE,TRUE,TRUE,,53449,3784,Jones AT&T Stadium,2641,Texas Tech,fbs,Big 12,37,7,10,7,7,,1880,1874,158,Nebraska,fbs,Big 12,31,0,7,3,21,,1587,1593,,,,,,,,,,,,,,,,,0
282920066,2008,8,regular,2008-10-18T16:30:00.000Z,FALSE,TRUE,TRUE,,48794,3772,Jack Trice Stadium,66,Iowa State,fbs,Big 12,7,0,0,7,0,,1344,1297,158,Nebraska,fbs,Big 12,35,7,14,0,14,,1593,1640,,,,,,,,,,,,,,,,,0
282990158,2008,9,regular,2008-10-25T16:30:00.000Z,FALSE,TRUE,TRUE,,85104,3834,"Memorial Stadium (Lincoln, NE)",158,Nebraska,fbs,Big 12,32,7,10,7,8,,1640,1642,239,Baylor,fbs,Big 12,20,14,6,0,0,,1372,1370,,,,,,,,,,,,,,,,,0
283060201,2008,10,regular,2008-11-02T00:00:00.000Z,FALSE,TRUE,TRUE,,85212,3835,"Memorial Stadium (Norman, OK)",201,Oklahoma,fbs,Big 12,62,35,14,13,0,,2033,2080,158,Nebraska,fbs,Big 12,28,0,14,7,7,,1642,1595,,,,,,,,,,,,,,,,,0
283130158,2008,11,regular,2008-11-08T19:30:00.000Z,FALSE,TRUE,TRUE,,85486,3834,"Memorial Stadium (Lincoln, NE)",158,Nebraska,fbs,Big 12,45,7,7,10,21,,1595,1624,2305,Kansas,fbs,Big 12,35,7,7,7,14,,1748,1719,,,,,,,,,,,,,,,,,0
283202306,2008,12,regular,2008-11-15T20:35:00.000Z,FALSE,TRUE,TRUE,,48444,3636,Bill Snyder Family Stadium,2306,Kansas State,fbs,Big 12,28,7,7,7,7,,1460,1403,158,Nebraska,fbs,Big 12,56,14,21,0,21,,1624,1681,,,,,,,,,,,,,,,,,0
283330158,2008,14,regular,2008-11-28T20:30:00.000Z,FALSE,TRUE,TRUE,,85319,3834,"Memorial Stadium (Lincoln, NE)",158,Nebraska,fbs,Big 12,40,14,10,3,13,,1681,1677,38,Colorado,fbs,Big 12,31,14,10,7,0,,1386,1390,,,,,,,,,,,,,,,,,0
290010228,2008,17,postseason,2009-01-01T18:00:00.000Z,FALSE,TRUE,FALSE,,67282,,,228,Clemson,fbs,ACC,21,0,14,7,0,,1723,1717,158,Nebraska,fbs,Big 12,26,0,3,20,3,,1677,1683,,,GATOR BOWL,,,,,,,,,,,,,,0
272440158,2007,1,regular,2007-09-01T19:30:00.000Z,FALSE,TRUE,FALSE,FALSE,84078,3834,"Memorial Stadium (Lincoln, NE)",158,Nebraska,fbs,Big 12,52,7,14,24,7,,1705,1810,2440,Nevada,fbs,Western Athletic,10,0,10,0,0,,1573,1468,,,,,,,,,,,,,,,,,0
272510154,2007,2,regular,2007-09-08T16:02:00.000Z,FALSE,TRUE,FALSE,FALSE,32483,3630,Allegacy Federal Credit Union Stadium,154,Wake Forest,fbs,ACC,17,0,10,7,0,,1618,1625,158,Nebraska,fbs,Big 12,20,3,10,7,0,,1810,1803,,,,,,,,,,,,,,,,,0
272580158,2007,3,regular,2007-09-16T00:00:00.000Z,FALSE,TRUE,FALSE,FALSE,84959,3834,"Memorial Stadium (Lincoln, NE)",158,Nebraska,fbs,Big 12,31,7,3,0,21,,1803,1768,30,USC,fbs,Pac-10,49,7,14,21,7,,1889,1924,,,,,,,,,,,,,,,,,0
272650158,2007,4,regular,2007-09-22T16:30:00.000Z,FALSE,TRUE,FALSE,FALSE,84394,3834,"Memorial Stadium (Lincoln, NE)",158,Nebraska,fbs,Big 12,41,7,7,14,13,,1768,1760,2050,Ball State,fbs,Mid-American,40,0,10,21,9,,1481,1489,,,,,,,,,,,,,,,,,0
272720158,2007,5,regular,2007-09-29T18:05:00.000Z,FALSE,TRUE,FALSE,TRUE,84703,3834,"Memorial Stadium (Lincoln, NE)",158,Nebraska,fbs,Big 12,35,0,7,21,7,,1760,1768,66,Iowa State,fbs,Big 12,17,3,7,0,7,,1403,1395,,,,,,,,,,,,,,,,,0
272790142,2007,6,regular,2007-10-07T01:15:00.000Z,FALSE,TRUE,FALSE,TRUE,70049,3838,Memorial Stadium,142,Missouri,fbs,Big 12,41,14,6,14,7,,1686,1796,158,Nebraska,fbs,Big 12,6,3,3,0,0,,1768,1658,,,,,,,,,,,,,,,,,0
272860158,2007,7,regular,2007-10-13T16:30:00.000Z,FALSE,TRUE,FALSE,TRUE,84334,3834,"Memorial Stadium (Lincoln, NE)",158,Nebraska,fbs,Big 12,14,0,0,0,14,,1658,1559,197,Oklahoma State,fbs,Big 12,45,17,21,0,7,,1580,1679,,,,,,,,,,,,,,,,,0
272930158,2007,8,regular,2007-10-20T18:05:00.000Z,FALSE,TRUE,FALSE,TRUE,84473,3834,"Memorial Stadium (Lincoln, NE)",158,Nebraska,fbs,Big 12,14,7,7,0,0,,1559,1508,245,Texas A&M,fbs,Big 12,36,9,7,14,6,,1613,1664,,,,,,,,,,,,,,,,,0
273000251,2007,9,regular,2007-10-27T19:30:00.000Z,FALSE,TRUE,FALSE,TRUE,85968,3910,DKR-Texas Memorial Stadium,251,Texas,fbs,Big 12,28,3,0,6,19,,1906,1902,158,Nebraska,fbs,Big 12,25,0,10,7,8,,1508,1512,,,,,,,,,,,,,,,,,0
273072305,2007,10,regular,2007-11-03T16:30:00.000Z,FALSE,TRUE,FALSE,TRUE,51910,3833,Memorial Stadium,2305,Kansas,fbs,Big 12,76,21,27,21,7,,1870,1929,158,Nebraska,fbs,Big 12,39,14,10,7,8,,1512,1453,,,,,,,,,,,,,,,,,0
273140158,2007,11,regular,2007-11-10T17:30:00.000Z,FALSE,TRUE,FALSE,TRUE,84665,3834,"Memorial Stadium (Lincoln, NE)",158,Nebraska,fbs,Big 12,73,14,24,14,21,,1453,1615,2306,Kansas State,fbs,Big 12,31,10,0,7,14,,1692,1530,,,,,,,,,,,,,,,,,0
273270038,2007,13,regular,2007-11-23T17:00:00.000Z,FALSE,TRUE,FALSE,TRUE,51403,3726,Folsom Field,38,Colorado,fbs,Big 12,65,17,7,20,21,,1484,1524,158,Nebraska,fbs,Big 12,51,14,21,0,16,,1615,1575,,,,,,,,,,,,,,,,,0
262450158,2006,1,regular,2006-09-02T19:30:00.000Z,FALSE,TRUE,FALSE,FALSE,85181,3834,"Memorial Stadium (Lincoln, NE)",158,Nebraska,fbs,Big 12,49,7,14,7,21,,1581,1684,2348,Louisiana Tech,fbs,Western Athletic,10,0,10,0,0,,1507,1404,,,,,,,,,,,,,,,,,0
262520158,2006,2,regular,2006-09-09T17:30:00.000Z,FALSE,TRUE,FALSE,FALSE,84076,3834,"Memorial Stadium (Lincoln, NE)",158,Nebraska,fbs,Big 12,56,14,14,14,14,,,,2447,Nicholls,fcs,Southland,7,0,0,0,7,,,,,,,,,,,,,,,,,,,,0
262590030,2006,3,regular,2006-09-17T00:00:00.000Z,FALSE,TRUE,FALSE,FALSE,92000,477,Los Angeles Memorial Coliseum,30,USC,fbs,Pac-10,28,7,7,7,7,,2061,2067,158,Nebraska,fbs,Big 12,10,3,0,0,7,,1684,1678,,,,,,,,,,,,,,,,,0
262660158,2006,4,regular,2006-09-23T23:00:00.000Z,FALSE,TRUE,FALSE,FALSE,84799,3834,"Memorial Stadium (Lincoln, NE)",158,Nebraska,fbs,Big 12,56,14,14,14,14,,1678,1801,2653,Troy,fbs,Sun Belt,0,0,0,0,0,,1322,1199,,,,,,,,,,,,,,,,,0
262730158,2006,5,regular,2006-09-30T23:00:00.000Z,FALSE,TRUE,FALSE,TRUE,85069,3834,"Memorial Stadium (Lincoln, NE)",158,Nebraska,fbs,Big 12,39,17,7,0,8,,1801,1798,2305,Kansas,fbs,Big 12,32,0,10,9,13,,1563,1566,,,,,,,,,,,,,,,,,0
262800066,2006,6,regular,2006-10-08T00:00:00.000Z,FALSE,TRUE,FALSE,TRUE,55338,3772,Jack Trice Stadium,66,Iowa State,fbs,Big 12,14,0,7,0,7,,1622,1607,158,Nebraska,fbs,Big 12,28,7,14,0,7,,1798,1813,,,,,,,,,,,,,,,,,0
262872306,2006,7,regular,2006-10-14T23:10:00.000Z,FALSE,TRUE,FALSE,TRUE,50723,3636,Bill Snyder Family Stadium,2306,Kansas State,fbs,Big 12,3,0,0,3,0,,1555,1537,158,Nebraska,fbs,Big 12,21,7,7,7,0,,1813,1831,,,,,,,,,,,,,,,,,0
262940158,2006,8,regular,2006-10-21T16:00:00.000Z,FALSE,TRUE,FALSE,TRUE,85187,3834,"Memorial Stadium (Lincoln, NE)",158,Nebraska,fbs,Big 12,20,7,0,0,13,,1831,1844,251,Texas,fbs,Big 12,22,3,13,0,6,,2131,2118,,,,,,,,,,,,,,,,,0
263010197,2006,9,regular,2006-10-28T19:30:00.000Z,FALSE,TRUE,FALSE,TRUE,40108,3646,Boone Pickens Stadium,197,Oklahoma State,fbs,Big 12,41,0,20,0,21,,1540,1589,158,Nebraska,fbs,Big 12,29,10,13,0,6,,1844,1795,,,,,,,,,,,,,,,,,0
263080158,2006,10,regular,2006-11-04T18:00:00.000Z,FALSE,TRUE,FALSE,TRUE,85197,3834,"Memorial Stadium (Lincoln, NE)",158,Nebraska,fbs,Big 12,34,10,17,0,7,,1795,1816,142,Missouri,fbs,Big 12,20,0,6,7,7,,1706,1685,,,,,,,,,,,,,,,,,0
263150245,2006,11,regular,2006-11-11T20:30:00.000Z,FALSE,TRUE,FALSE,TRUE,83336,3795,Kyle Field,245,Texas A&M,fbs,Big 12,27,7,3,3,14,,1706,1710,158,Nebraska,fbs,Big 12,28,7,14,0,7,,1816,1812,,,,,,,,,,,,,,,,,0
263280158,2006,13,regular,2006-11-24T20:30:00.000Z,FALSE,TRUE,FALSE,TRUE,85800,3834,"Memorial Stadium (Lincoln, NE)",158,Nebraska,fbs,Big 12,37,7,7,7,16,,1812,1840,38,Colorado,fbs,Big 12,14,7,0,7,0,,1544,1516,,,,,,,,,,,,,,,,,0
263360201,2006,14,regular,2006-12-03T01:00:00.000Z,FALSE,TRUE,FALSE,TRUE,80000,,,201,Oklahoma,fbs,Big 12,21,14,0,7,0,,1900,1923,158,Nebraska,fbs,Big 12,7,0,7,0,0,,1840,1817,,,,,,,,,,,,,,,,,0
270010158,2006,17,postseason,2007-01-01T16:30:00.000Z,FALSE,TRUE,FALSE,FALSE,66777,,,158,Nebraska,fbs,Big 12,14,7,7,0,0,,1817,1808,2,Auburn,fbs,SEC,17,7,7,3,0,,1737,1746,,,COTTON BOWL AT DALLAS TX,,,,,,,,,,,,,,0
252460158,2005,1,regular,2005-09-03T23:00:00.000Z,FALSE,TRUE,FALSE,FALSE,77469,3834,"Memorial Stadium (Lincoln, NE)",158,Nebraska,fbs,Big 12,25,0,9,6,10,,,,311,Maine,fcs,Atlantic 10,7,0,0,0,7,,,,,,,,,,,,,,,,,,,,0
252530158,2005,2,regular,2005-09-10T23:00:00.000Z,FALSE,TRUE,FALSE,FALSE,77380,3834,"Memorial Stadium (Lincoln, NE)",158,Nebraska,fbs,Big 12,31,14,0,10,7,,1520,1584,154,Wake Forest,fbs,ACC,3,0,3,0,0,,1446,1382,,,,,,,,,,,,,,,,,0
252600158,2005,3,regular,2005-09-17T19:30:00.000Z,FALSE,TRUE,FALSE,FALSE,77336,3834,"Memorial Stadium (Lincoln, NE)",158,Nebraska,fbs,Big 12,7,0,7,0,0,,1584,1583,221,Pittsburgh,fbs,Big East,6,0,0,6,0,,1521,1522,,,,,,,,,,,,,,,,,0
252740158,2005,5,regular,2005-10-01T19:30:00.000Z,FALSE,TRUE,FALSE,TRUE,77433,3834,"Memorial Stadium (Lincoln, NE)",158,Nebraska,fbs,Big 12,27,3,0,7,3,,1583,1588,66,Iowa State,fbs,Big 12,20,0,3,10,0,,1509,1504,,,,,,,,,,,,,,,,,0
252810158,2005,6,regular,2005-10-08T20:00:00.000Z,FALSE,TRUE,FALSE,TRUE,77580,3834,"Memorial Stadium (Lincoln, NE)",158,Nebraska,fbs,Big 12,31,0,14,7,10,,1588,1600,2641,Texas Tech,fbs,Big 12,34,7,14,6,7,,1878,1866,,,,,,,,,,,,,,,,,0
252880239,2005,7,regular,2005-10-15T23:00:00.000Z,FALSE,TRUE,FALSE,TRUE,40857,3724,Floyd Casey Stadium,239,Baylor,fbs,Big 12,14,7,0,7,0,,1330,1333,158,Nebraska,fbs,Big 12,23,3,10,7,3,,1600,1597,,,,,,,,,,,,,,,,,0
252950142,2005,8,regular,2005-10-22T16:40:00.000Z,FALSE,TRUE,FALSE,TRUE,60641,3838,Memorial Stadium,142,Missouri,fbs,Big 12,41,21,3,7,10,,1591,1629,158,Nebraska,fbs,Big 12,24,10,14,0,0,,1597,1559,,,,,,,,,,,,,,,,,0
253020158,2005,9,regular,2005-10-29T16:00:00.000Z,FALSE,TRUE,FALSE,TRUE,77438,3834,"Memorial Stadium (Lincoln, NE)",158,Nebraska,fbs,Big 12,24,0,3,7,14,,1559,1560,201,Oklahoma,fbs,Big 12,31,7,14,3,7,,1752,1751,,,,,,,,,,,,,,,,,0
253092305,2005,10,regular,2005-11-05T19:00:00.000Z,FALSE,TRUE,FALSE,TRUE,51750,3833,Memorial Stadium,2305,Kansas,fbs,Big 12,40,14,3,7,16,,1548,1613,158,Nebraska,fbs,Big 12,15,2,7,6,0,,1560,1495,,,,,,,,,,,,,,,,,0
253160158,2005,11,regular,2005-11-12T19:00:00.000Z,FALSE,TRUE,FALSE,TRUE,77761,3834,"Memorial Stadium (Lincoln, NE)",158,Nebraska,fbs,Big 12,27,7,10,7,3,,1495,1496,2306,Kansas State,fbs,Big 12,25,6,6,10,3,,1526,1525,,,,,,,,,,,,,,,,,0
253290038,2005,13,regular,2005-11-25T20:30:00.000Z,FALSE,TRUE,FALSE,TRUE,54831,3726,Folsom Field,38,Colorado,fbs,Big 12,3,3,0,0,0,,1797,1682,158,Nebraska,fbs,Big 12,30,3,17,7,3,,1496,1611,,,,,,,,,,,,,,,,,0
253620158,2005,17,postseason,2005-12-29T01:00:00.000Z,FALSE,TRUE,FALSE,FALSE,62016,3604,Alamodome,158,Nebraska,fbs,Big 12,32,7,7,3,15,,1611,1622,130,Michigan,fbs,Big Ten,28,7,7,7,7,,1860,1849,,,,,,,,,,,,,,,,,0